year,geo,geo_label,crop_code,crop_label,area_kha,production_kt,yield_t_ha,imputed,temp_mean_c,precip_mm,et0_mm,temp_mean_growing_c,precip_growing_mm,et0_growing_mm,temp_mean_c_anom,temp_mean_c_z,precip_mm_anom,precip_mm_z,et0_mm_anom,et0_mm_z,temp_mean_growing_c_anom,temp_mean_growing_c_z,precip_growing_mm_anom,precip_growing_mm_z,et0_growing_mm_anom,et0_growing_mm_z
2000,BE3,Wallonie,C1110,Froment et épeautre,139.0,1091.93,7.856,False,10.358,989.28,639.88,14.494,550.64,492.0,0.02,0.037,116.9,0.933,-63.0,-1.185,-0.44,-0.706,123.9,1.575,-58.0,-1.246
2001,BE3,Wallonie,C1110,Froment et épeautre,128.4,1039.99,8.1,False,9.876,1013.8,659.22,14.146,492.7,518.36,-0.46,-0.771,141.4,1.129,-43.7,-0.822,-0.79,-1.261,66.0,0.839,-31.6,-0.679
2002,BE3,Wallonie,C1110,Froment et épeautre,134.8,1111.31,8.244,False,10.498,975.88,661.48,14.504,404.44,503.68,0.16,0.271,103.5,0.826,-41.4,-0.779,-0.43,-0.69,-22.3,-0.283,-46.3,-0.995
2003,BE3,Wallonie,C1110,Froment et épeautre,135.3,1144.45,8.459,False,10.376,678.1600000000001,780.04,15.895999999999995,355.18,616.48,0.04,0.067,-194.2,-1.55,77.1,1.451,0.96,1.526,-71.5,-0.909,66.5,1.429
2004,BE3,Wallonie,C1110,Froment et épeautre,141.1,1239.07,8.782,False,9.802,770.3199999999999,684.1,14.52,409.2,530.54,-0.53,-0.896,-102.1,-0.815,-18.8,-0.354,-0.42,-0.665,-17.5,-0.223,-19.4,-0.418
2005,BE3,Wallonie,C1110,Froment et épeautre,140.4,1161.2,8.271,False,10.152,703.22,689.1800000000001,14.866,399.6,534.6,-0.18,-0.309,-169.2,-1.35,-13.7,-0.258,-0.07,-0.114,-27.1,-0.345,-15.4,-0.33
2006,BE3,Wallonie,C1110,Froment et épeautre,138.0,1115.48,8.083,False,10.504,831.5,695.52,15.5,452.36,544.8,0.17,0.281,-40.9,-0.326,-7.4,-0.139,0.56,0.896,25.6,0.326,-5.2,-0.111
2007,BE3,Wallonie,C1110,Froment et épeautre,137.1,1067.61,7.787,False,10.564,922.94,668.28,14.948000000000002,482.54,519.3199999999999,0.23,0.382,50.6,0.404,-34.6,-0.651,0.01,0.017,55.8,0.71,-30.7,-0.659
2008,BE3,Wallonie,C1110,Froment et épeautre,149.1,1267.37,8.5,False,9.904,883.9199999999998,657.4399999999999,14.332,452.58,511.0200000000001,-0.43,-0.725,11.5,0.092,-45.5,-0.855,-0.61,-0.964,25.9,0.329,-39.0,-0.837
2009,BE3,Wallonie,C1110,Froment et épeautre,140.2,1293.19,9.224,False,10.014,826.04,695.9399999999999,15.212,373.74,554.88,-0.32,-0.54,-46.3,-0.37,-7.0,-0.131,0.27,0.437,-53.0,-0.673,4.9,0.105
2010,BE3,Wallonie,C1110,Froment et épeautre,144.4,,,False,8.774000000000001,849.32,672.8399999999999,14.206,427.04,535.8,-1.56,-2.619,-23.1,-0.184,-30.1,-0.565,-0.73,-1.165,0.3,0.004,-14.2,-0.305
2011,BE3,Wallonie,C1110,Froment et épeautre,140.0,1165.2,8.323,True,10.814,722.26,720.1800000000001,15.306,381.76,561.0,0.48,0.801,-150.1,-1.198,17.3,0.325,0.37,0.587,-45.0,-0.571,11.0,0.237
2012,BE3,Wallonie,C1110,Froment et épeautre,142.9,1184.97,8.292,False,9.886,912.44,664.6800000000001,14.278,467.02,514.48,-0.45,-0.755,40.1,0.32,-38.2,-0.719,-0.66,-1.05,40.3,0.512,-35.5,-0.763
2013,BE3,Wallonie,C1110,Froment et épeautre,142.5,1279.37,8.978,False,9.378,787.2,654.96,14.346,376.98,515.76,-0.96,-1.606,-85.2,-0.68,-47.9,-0.902,-0.59,-0.942,-49.7,-0.632,-34.2,-0.735
2014,BE3,Wallonie,C1110,Froment et épeautre,144.95,1298.77,8.96,False,11.146,862.46,686.1600000000001,15.03,461.18,517.3799999999999,0.81,1.358,-9.9,-0.079,-16.7,-0.315,0.09,0.147,34.5,0.438,-32.6,-0.7
2015,BE3,Wallonie,C1110,Froment et épeautre,150.22,1365.08,9.087,False,10.553999999999998,767.76,714.4,14.742,367.0,565.86,0.22,0.365,-104.6,-0.835,11.5,0.216,-0.2,-0.311,-59.7,-0.759,15.9,0.341
2016,BE3,Wallonie,C1110,Froment et épeautre,144.36,938.61,6.502,False,10.303999999999998,875.8800000000001,667.1,15.303999999999998,448.52,525.7,-0.03,-0.054,3.5,0.028,-35.8,-0.673,0.37,0.584,21.8,0.277,-24.3,-0.522
2017,BE3,Wallonie,C1110,Froment et épeautre,133.61,1123.89,8.412,False,10.248,839.9,693.6,14.76,410.08,538.64,-0.09,-0.148,-32.5,-0.259,-9.3,-0.175,-0.18,-0.283,-16.6,-0.211,-11.3,-0.243
2018,BE3,Wallonie,C1110,Froment et épeautre,133.61,1127.59,8.439,False,10.88,731.7,800.5,16.410000000000004,283.42,639.1200000000001,0.54,0.912,-140.7,-1.123,97.6,1.835,1.47,2.345,-143.3,-1.821,89.1,1.916
2019,BE3,Wallonie,C1110,Froment et épeautre,138.13,1265.23,9.16,False,10.55,902.66,751.4,15.0,353.76,593.9399999999999,0.21,0.359,30.3,0.242,48.5,0.912,0.06,0.1,-73.0,-0.927,44.0,0.945
2020,BE3,Wallonie,C1110,Froment et épeautre,133.71,1184.81,8.861,False,11.222,887.3399999999999,806.98,15.786,316.54,648.02,0.89,1.485,15.0,0.119,104.1,1.957,0.85,1.351,-110.2,-1.4,98.0,2.107
2021,BE3,Wallonie,C1110,Froment et épeautre,142.91,1087.16,7.607,False,9.574000000000002,1036.44,657.0,13.791999999999998,558.64,506.0,-0.76,-1.278,164.1,1.31,-45.9,-0.863,-1.15,-1.824,131.9,1.677,-44.0,-0.945
2022,BE3,Wallonie,C1110,Froment et épeautre,139.99,1245.79,8.899,False,11.13,758.48,827.3,15.614,331.98,644.08,0.79,1.331,-113.9,-0.909,124.4,2.34,0.68,1.077,-94.7,-1.204,94.1,2.022
2023,BE3,Wallonie,C1110,Froment et épeautre,140.68,1173.32,8.34,False,11.052,1122.16,752.1600000000001,15.448000000000002,501.66,595.6800000000001,0.72,1.2,249.8,1.994,49.3,0.926,0.51,0.813,74.9,0.953,45.7,0.982
2024,BE3,Wallonie,C1110,Froment et épeautre,121.13,789.42,6.517,False,10.844,1158.24,672.3399999999999,14.998,609.2,522.14,0.51,0.851,285.9,2.282,-30.6,-0.575,0.06,0.096,182.5,2.32,-27.8,-0.598
2000,BE31,Brabant wallon,C1110,Froment et épeautre,21.7,178.74,8.237,False,10.63,936.2,659.5,14.66,550.7,498.5,-0.01,-0.017,137.4,1.113,-61.6,-1.153,-0.48,-0.752,151.0,1.845,-60.8,-1.289
2001,BE31,Brabant wallon,C1110,Froment et épeautre,20.3,178.84,8.81,False,10.14,954.9,679.3,14.38,476.9,531.8,-0.5,-0.81,156.1,1.265,-41.8,-0.782,-0.76,-1.189,77.2,0.943,-27.5,-0.583
2002,BE31,Brabant wallon,C1110,Froment et épeautre,21.1,181.07,8.582,False,10.74,909.4,673.7,14.66,405.9,505.7,0.1,0.161,110.6,0.896,-47.4,-0.887,-0.48,-0.752,6.2,0.076,-53.6,-1.136
2003,BE31,Brabant wallon,C1110,Froment et épeautre,20.8,179.88,8.648,False,10.61,612.7,788.5,15.98,325.3,619.5,-0.03,-0.05,-186.1,-1.508,67.4,1.264,0.84,1.31,-74.4,-0.908,60.2,1.274
2004,BE31,Brabant wallon,C1110,Froment et épeautre,22.0,187.55,8.525,False,10.15,700.7,705.7,14.76,360.4,542.0,-0.49,-0.794,-98.1,-0.795,-15.4,-0.288,-0.38,-0.595,-39.3,-0.479,-17.3,-0.367
2005,BE31,Brabant wallon,C1110,Froment et épeautre,21.4,179.91,8.407,False,10.45,658.1,701.6,14.97,393.8,538.0,-0.19,-0.309,-140.7,-1.14,-19.5,-0.365,-0.17,-0.267,-5.9,-0.072,-21.3,-0.452
2006,BE31,Brabant wallon,C1110,Froment et épeautre,21.2,184.64,8.709,False,10.78,742.6,714.3,15.7,407.3,554.2,0.14,0.225,-56.2,-0.455,-6.8,-0.127,0.56,0.873,7.6,0.093,-5.1,-0.109
2007,BE31,Brabant wallon,C1110,Froment et épeautre,20.8,173.17,8.325,False,10.84,814.5,686.6,15.14,430.8,528.6,0.2,0.322,15.7,0.127,-34.5,-0.646,-0.0,-0.002,31.1,0.38,-30.7,-0.651
2008,BE31,Brabant wallon,C1110,Froment et épeautre,22.4,193.27,8.628,False,10.18,774.8,679.1,14.52,418.2,522.6,-0.46,-0.746,-24.0,-0.194,-42.0,-0.786,-0.62,-0.97,18.5,0.226,-36.7,-0.778
2009,BE31,Brabant wallon,C1110,Froment et épeautre,20.9,197.97,9.472,False,10.29,733.8,720.0,15.38,330.0,567.7,-0.35,-0.568,-65.0,-0.527,-1.1,-0.02,0.24,0.373,-69.7,-0.851,8.4,0.177
2010,BE31,Brabant wallon,C1110,Froment et épeautre,21.8,,,False,9.02,814.9,687.9,14.36,409.3,545.7,-1.62,-2.623,16.1,0.13,-33.2,-0.621,-0.78,-1.22,9.6,0.118,-13.6,-0.289
2011,BE31,Brabant wallon,C1110,Froment et épeautre,21.0,163.05,7.764,False,11.04,666.2,734.1,15.42,365.2,567.9,0.4,0.646,-132.6,-1.074,13.0,0.244,0.28,0.435,-34.5,-0.421,8.6,0.181
2012,BE31,Brabant wallon,C1110,Froment et épeautre,22.1,184.01,8.326,False,10.12,849.7,681.8,14.42,433.8,525.8,-0.52,-0.843,50.9,0.412,-39.3,-0.736,-0.72,-1.126,34.1,0.417,-33.5,-0.71
2013,BE31,Brabant wallon,C1110,Froment et épeautre,21.3,197.16,9.256,False,9.64,717.2,677.1,14.53,326.7,528.5,-1.0,-1.619,-81.6,-0.661,-44.0,-0.824,-0.61,-0.955,-73.0,-0.891,-30.8,-0.653
2014,BE31,Brabant wallon,C1110,Froment et épeautre,21.52,199.62,9.276,False,11.38,836.2,701.5,15.18,464.0,520.9,0.74,1.196,37.4,0.303,-19.6,-0.366,0.04,0.061,64.3,0.786,-38.4,-0.814
2015,BE31,Brabant wallon,C1110,Froment et épeautre,22.21,207.89,9.36,False,10.78,705.6,731.3,14.8,346.3,570.7,0.14,0.225,-93.2,-0.755,10.2,0.192,-0.34,-0.533,-53.4,-0.652,11.4,0.241
2016,BE31,Brabant wallon,C1110,Froment et épeautre,21.61,147.82,6.84,False,10.6,804.5,688.5,15.5,414.5,537.0,-0.04,-0.066,5.7,0.046,-32.6,-0.61,0.36,0.56,14.8,0.181,-22.3,-0.473
2017,BE31,Brabant wallon,C1110,Froment et épeautre,19.3,173.04,8.966,False,10.7,764.6,716.7,15.08,385.5,552.0,0.06,0.096,-34.2,-0.277,-4.4,-0.082,-0.06,-0.096,-14.2,-0.173,-7.3,-0.156
2018,BE31,Brabant wallon,C1110,Froment et épeautre,19.75,170.63,8.639,False,11.23,628.9,818.3,16.67,237.0,651.0,0.59,0.953,-169.9,-1.376,97.2,1.822,1.53,2.388,-162.7,-1.986,91.7,1.941
2019,BE31,Brabant wallon,C1110,Froment et épeautre,20.03,187.68,9.37,False,10.93,796.4,768.9,15.28,326.5,603.9,0.29,0.468,-2.4,-0.019,47.8,0.896,0.14,0.217,-73.2,-0.893,44.6,0.944
2020,BE31,Brabant wallon,C1110,Froment et épeautre,19.86,185.43,9.337,False,11.58,781.9,826.7,16.0,296.1,656.8,0.94,1.52,-16.9,-0.137,105.6,1.979,0.86,1.341,-103.6,-1.265,97.5,2.064
2021,BE31,Brabant wallon,C1110,Froment et épeautre,20.95,171.53,8.188,False,9.96,1003.0,670.1,14.08,553.8,513.9,-0.68,-1.102,204.2,1.654,-51.0,-0.955,-1.06,-1.657,154.1,1.882,-45.4,-0.963
2022,BE31,Brabant wallon,C1110,Froment et épeautre,20.22,195.54,9.671,False,11.53,687.5,850.6,15.96,314.1,658.6,0.89,1.439,-111.3,-0.902,129.5,2.427,0.82,1.279,-85.6,-1.045,99.3,2.102
2023,BE31,Brabant wallon,C1110,Froment et épeautre,20.97,180.81,8.622,False,11.47,1005.1,774.7,15.78,455.8,608.7,0.83,1.342,206.3,1.671,53.6,1.005,0.64,0.998,56.1,0.686,49.4,1.045
2024,BE31,Brabant wallon,C1110,Froment et épeautre,17.81,121.3,6.811,False,11.23,1070.4,690.0,15.32,563.5,533.6,0.59,0.953,271.6,2.2,-31.1,-0.582,0.18,0.279,163.8,2.001,-25.7,-0.545
2000,BE32,Hainaut,C1110,Froment et épeautre,53.3,420.05,7.881,False,11.01,930.8,665.5,15.03,517.4,505.6,-0.04,-0.06,127.9,0.976,-60.0,-1.132,-0.47,-0.758,130.0,1.682,-56.8,-1.237
2001,BE32,Hainaut,C1110,Froment et épeautre,47.2,367.62,7.789,False,10.55,958.2,678.5,14.75,459.7,530.7,-0.5,-0.835,155.3,1.185,-47.0,-0.887,-0.75,-1.208,72.3,0.935,-31.7,-0.691
2002,BE32,Hainaut,C1110,Froment et épeautre,52.1,423.22,8.123,False,11.19,925.4,679.8,15.03,379.5,511.4,0.14,0.243,122.5,0.934,-45.7,-0.862,-0.47,-0.758,-7.9,-0.102,-51.0,-1.111
2003,BE32,Hainaut,C1110,Froment et épeautre,51.3,440.97,8.596,False,11.07,614.7,796.4,16.41,321.6,625.2,0.02,0.041,-188.2,-1.435,70.9,1.338,0.91,1.461,-65.8,-0.851,62.8,1.366
2004,BE32,Hainaut,C1110,Froment et épeautre,54.4,490.66,9.019,False,10.65,657.0,716.0,15.24,333.2,550.8,-0.4,-0.666,-145.9,-1.112,-9.5,-0.179,-0.26,-0.421,-54.2,-0.7,-11.6,-0.253
2005,BE32,Hainaut,C1110,Froment et épeautre,54.1,456.81,8.444,False,10.89,658.1,700.2,15.34,394.0,534.9,-0.16,-0.262,-144.8,-1.104,-25.3,-0.477,-0.16,-0.26,6.6,0.086,-27.5,-0.599
2006,BE32,Hainaut,C1110,Froment et épeautre,53.9,434.31,8.058,False,11.18,746.2,713.0,16.06,401.8,552.8,0.13,0.226,-56.7,-0.432,-12.5,-0.236,0.56,0.898,14.4,0.187,-9.6,-0.209
2007,BE32,Hainaut,C1110,Froment et épeautre,54.0,410.46,7.601,False,11.24,805.1,687.8,15.5,414.4,528.8,0.19,0.327,2.2,0.017,-37.7,-0.711,-0.0,-0.003,27.0,0.35,-33.6,-0.732
2008,BE32,Hainaut,C1110,Froment et épeautre,57.5,491.94,8.555,False,10.61,811.9,685.8,14.94,418.5,529.7,-0.44,-0.734,9.0,0.069,-39.7,-0.749,-0.56,-0.903,31.1,0.403,-32.7,-0.712
2009,BE32,Hainaut,C1110,Froment et épeautre,54.5,514.7,9.444,False,10.76,740.1,728.8,15.8,312.0,576.0,-0.29,-0.481,-62.8,-0.479,3.3,0.062,0.3,0.48,-75.4,-0.975,13.6,0.296
2010,BE32,Hainaut,C1110,Froment et épeautre,56.7,,,False,9.49,793.9,691.8,14.77,390.5,547.6,-1.56,-2.621,-9.0,-0.068,-33.7,-0.636,-0.73,-1.176,3.1,0.041,-14.8,-0.323
2011,BE32,Hainaut,C1110,Froment et épeautre,54.0,469.26,8.69,False,11.51,622.7,740.4,15.81,305.9,573.2,0.46,0.782,-180.2,-1.374,14.9,0.281,0.31,0.496,-81.5,-1.054,10.8,0.235
2012,BE32,Hainaut,C1110,Froment et épeautre,56.6,487.97,8.621,False,10.52,829.5,684.1,14.76,413.9,526.1,-0.53,-0.885,26.6,0.203,-41.4,-0.781,-0.74,-1.192,26.5,0.343,-36.3,-0.791
2013,BE32,Hainaut,C1110,Froment et épeautre,55.0,497.25,9.041,False,10.08,725.5,676.8,14.86,328.2,528.2,-0.97,-1.627,-77.4,-0.59,-48.7,-0.919,-0.64,-1.032,-59.2,-0.765,-34.2,-0.745
2014,BE32,Hainaut,C1110,Froment et épeautre,56.08,499.57,8.908,False,11.76,794.8,705.0,15.55,413.1,524.3,0.71,1.203,-8.1,-0.062,-20.5,-0.387,0.05,0.078,25.7,0.333,-38.1,-0.83
2015,BE32,Hainaut,C1110,Froment et épeautre,58.16,546.36,9.394,False,11.22,677.3,740.2,15.25,298.8,579.4,0.17,0.294,-125.6,-0.958,14.7,0.278,-0.25,-0.405,-88.6,-1.145,17.0,0.37
2016,BE32,Hainaut,C1110,Froment et épeautre,57.25,372.05,6.499,False,11.01,793.6,693.4,15.85,401.1,540.3,-0.04,-0.06,-9.3,-0.071,-32.1,-0.605,0.35,0.56,13.7,0.178,-22.1,-0.482
2017,BE32,Hainaut,C1110,Froment et épeautre,53.28,466.15,8.749,False,11.07,752.6,728.1,15.45,342.9,562.8,0.02,0.041,-50.3,-0.383,2.6,0.049,-0.05,-0.083,-44.5,-0.575,0.4,0.008
2018,BE32,Hainaut,C1110,Froment et épeautre,52.63,455.22,8.649,False,11.57,692.9,821.1,16.9,278.0,651.1,0.52,0.883,-110.0,-0.839,95.6,1.804,1.4,2.248,-109.4,-1.414,88.7,1.93
2019,BE32,Hainaut,C1110,Froment et épeautre,54.54,516.91,9.478,False,11.22,851.2,764.3,15.47,338.1,596.9,0.17,0.294,48.3,0.369,38.8,0.732,-0.03,-0.051,-49.3,-0.637,34.5,0.75
2020,BE32,Hainaut,C1110,Froment et épeautre,52.3,471.29,9.011,False,11.93,815.0,828.2,16.33,308.6,656.1,0.88,1.49,12.1,0.092,102.7,1.938,0.83,1.332,-78.8,-1.019,93.7,2.039
2021,BE32,Hainaut,C1110,Froment et épeautre,55.51,430.53,7.756,False,10.29,1011.9,678.6,14.41,512.5,521.1,-0.76,-1.273,209.0,1.594,-46.9,-0.885,-1.09,-1.755,125.1,1.618,-41.3,-0.899
2022,BE32,Hainaut,C1110,Froment et épeautre,54.42,486.72,8.944,False,11.89,713.2,855.3,16.34,332.5,661.0,0.84,1.422,-89.7,-0.684,129.8,2.449,0.84,1.348,-54.9,-0.71,98.6,2.146
2023,BE32,Hainaut,C1110,Froment et épeautre,55.68,472.32,8.483,False,11.83,1068.7,777.0,16.05,497.6,604.6,0.78,1.321,265.8,2.027,51.5,0.972,0.55,0.882,110.2,1.426,42.2,0.918
2024,BE32,Hainaut,C1110,Froment et épeautre,45.31,310.38,6.85,False,11.6,1081.5,701.1,15.64,570.3,542.0,0.55,0.934,278.6,2.125,-24.4,-0.46,0.14,0.223,182.9,2.366,-20.4,-0.445
2000,BE33,Liège,C1110,Froment et épeautre,23.9,199.4,8.343,False,10.93,942.8,649.7,15.13,528.6,498.2,0.12,0.203,78.7,0.618,-62.9,-1.171,-0.35,-0.578,97.3,1.133,-57.0,-1.262
2001,BE33,Liège,C1110,Froment et épeautre,23.5,213.7,9.094,False,10.41,972.2,671.2,14.74,459.5,526.6,-0.4,-0.688,108.1,0.849,-41.4,-0.771,-0.74,-1.223,28.2,0.328,-28.6,-0.633
2002,BE33,Liège,C1110,Froment et épeautre,23.5,208.17,8.858,False,11.05,929.3,668.7,15.13,383.0,507.6,0.24,0.408,65.2,0.512,-43.9,-0.817,-0.35,-0.578,-48.3,-0.562,-47.6,-1.054
2003,BE33,Liège,C1110,Froment et épeautre,24.0,217.49,9.062,False,10.95,669.4,791.5,16.54,350.0,624.5,0.14,0.237,-194.7,-1.53,78.9,1.468,1.06,1.756,-81.3,-0.947,69.3,1.534
2004,BE33,Liège,C1110,Froment et épeautre,24.6,231.13,9.396,False,10.24,818.8,683.3,15.01,447.6,528.2,-0.57,-0.979,-45.3,-0.356,-29.3,-0.545,-0.47,-0.776,16.3,0.19,-27.0,-0.598
2005,BE33,Liège,C1110,Froment et épeautre,25.1,219.44,8.743,False,10.68,726.3,702.6,15.5,396.1,547.9,-0.13,-0.225,-137.8,-1.083,-10.0,-0.186,0.02,0.034,-35.2,-0.41,-7.3,-0.162
2006,BE33,Liège,C1110,Froment et épeautre,24.7,212.14,8.589,False,11.06,819.7,709.8,16.13,457.9,556.2,0.25,0.425,-44.4,-0.349,-2.8,-0.052,0.65,1.077,26.6,0.31,1.0,0.022
2007,BE33,Liège,C1110,Froment et épeautre,24.8,208.2,8.395,False,11.09,931.7,679.0,15.55,498.6,528.7,0.28,0.477,67.6,0.531,-33.6,-0.625,0.07,0.117,67.3,0.783,-26.5,-0.587
2008,BE33,Liège,C1110,Froment et épeautre,27.5,247.3,8.993,False,10.45,856.0,664.3,14.94,446.6,515.9,-0.36,-0.619,-8.1,-0.064,-48.3,-0.899,-0.54,-0.892,15.3,0.178,-39.3,-0.87
2009,BE33,Liège,C1110,Froment et épeautre,25.6,243.72,9.52,False,10.52,802.5,698.9,15.83,346.6,558.1,-0.29,-0.499,-61.6,-0.484,-13.7,-0.255,0.35,0.581,-84.7,-0.986,2.9,0.064
2010,BE33,Liège,C1110,Froment et épeautre,25.8,,,False,9.23,843.9,678.3,14.76,421.4,540.9,-1.58,-2.708,-20.2,-0.159,-34.3,-0.638,-0.72,-1.19,-9.9,-0.115,-14.3,-0.317
2011,BE33,Liège,C1110,Froment et épeautre,26.0,229.66,8.833,False,11.34,713.7,728.5,15.95,382.2,566.3,0.53,0.905,-150.4,-1.182,15.9,0.296,0.47,0.779,-49.1,-0.572,11.1,0.245
2012,BE33,Liège,C1110,Froment et épeautre,25.8,221.74,8.595,False,10.44,871.1,676.6,14.96,417.4,525.0,-0.37,-0.636,7.0,0.055,-36.0,-0.67,-0.52,-0.859,-13.9,-0.162,-30.2,-0.669
2013,BE33,Liège,C1110,Froment et épeautre,26.1,252.49,9.674,False,9.9,746.2,665.4,14.97,356.2,522.7,-0.91,-1.561,-117.9,-0.926,-47.2,-0.879,-0.51,-0.843,-75.1,-0.874,-32.5,-0.72
2014,BE33,Liège,C1110,Froment et épeautre,26.09,250.01,9.583,False,11.76,845.0,695.9,15.65,482.3,521.3,0.95,1.624,-19.1,-0.15,-16.7,-0.311,0.17,0.283,51.0,0.594,-33.9,-0.751
2015,BE33,Liège,C1110,Froment et épeautre,26.72,251.09,9.397,False,11.08,803.0,721.7,15.32,379.4,571.0,0.27,0.459,-61.1,-0.48,9.1,0.169,-0.16,-0.263,-51.9,-0.604,15.8,0.349
2016,BE33,Liège,C1110,Froment et épeautre,25.41,172.02,6.77,False,10.83,873.5,671.5,15.92,453.4,530.9,0.02,0.032,9.4,0.074,-41.1,-0.765,0.44,0.729,22.1,0.257,-24.3,-0.538
2017,BE33,Liège,C1110,Froment et épeautre,23.82,212.43,8.918,False,10.58,897.8,697.3,15.13,464.6,535.8,-0.23,-0.396,33.7,0.265,-15.3,-0.285,-0.35,-0.578,33.3,0.388,-19.4,-0.43
2018,BE33,Liège,C1110,Froment et épeautre,23.03,202.7,8.802,False,11.17,719.5,802.3,16.76,294.3,633.7,0.36,0.614,-144.6,-1.136,89.7,1.669,1.28,2.12,-137.0,-1.595,78.5,1.737
2019,BE33,Liège,C1110,Froment et épeautre,23.9,227.36,9.513,False,10.93,838.8,765.2,15.46,346.2,599.5,0.12,0.203,-25.3,-0.199,52.6,0.979,-0.02,-0.032,-85.1,-0.991,44.3,0.98
2020,BE33,Liège,C1110,Froment et épeautre,23.14,221.89,9.589,False,11.62,824.0,825.8,16.21,325.4,653.3,0.81,1.384,-40.1,-0.315,113.2,2.107,0.73,1.209,-105.9,-1.233,98.1,2.171
2021,BE33,Liège,C1110,Froment et épeautre,25.2,202.46,8.034,False,9.95,1003.9,671.8,14.19,551.9,511.4,-0.86,-1.475,139.8,1.098,-40.8,-0.759,-1.29,-2.134,120.6,1.404,-43.8,-0.97
2022,BE33,Liège,C1110,Froment et épeautre,24.51,235.66,9.615,False,11.44,783.9,833.9,15.91,358.3,642.2,0.63,1.076,-80.2,-0.63,121.3,2.257,0.43,0.713,-73.0,-0.85,87.0,1.926
2023,BE33,Liège,C1110,Froment et épeautre,25.03,223.38,8.924,False,11.4,1191.7,769.3,15.83,586.1,603.4,0.59,1.007,327.6,2.573,56.7,1.055,0.35,0.581,154.8,1.802,48.2,1.067
2024,BE33,Liège,C1110,Froment et épeautre,22.0,142.09,6.459,False,11.24,1178.2,692.7,15.46,649.1,531.0,0.43,0.733,314.1,2.467,-19.9,-0.37,-0.02,-0.032,217.8,2.535,-24.2,-0.536
2000,BE34,Luxembourg,C1110,Froment et épeautre,5.7,31.48,5.523,False,8.4,1178.6,572.2,12.74,602.5,460.2,-0.08,-0.115,118.9,0.852,-69.0,-1.227,-0.54,-0.739,104.1,1.225,-56.6,-1.116
2001,BE34,Luxembourg,C1110,Froment et épeautre,5.0,28.6,5.72,False,7.92,1192.3,590.2,12.22,579.1,472.2,-0.56,-0.817,132.6,0.95,-51.0,-0.907,-1.06,-1.449,80.7,0.95,-44.6,-0.879
2002,BE34,Luxembourg,C1110,Froment et épeautre,5.4,31.29,5.794,False,8.54,1149.0,610.8,12.76,427.7,484.0,0.06,0.09,89.3,0.64,-30.4,-0.541,-0.52,-0.711,-70.7,-0.832,-32.8,-0.647
2003,BE34,Luxembourg,C1110,Froment et épeautre,4.9,29.1,5.939,False,8.4,841.3,729.9,14.22,432.4,588.2,-0.08,-0.115,-218.4,-1.565,88.7,1.577,0.94,1.284,-66.0,-0.777,71.4,1.41
2004,BE34,Luxembourg,C1110,Froment et épeautre,5.4,30.76,5.696,False,7.69,941.6,615.5,12.6,516.3,490.8,-0.79,-1.154,-118.1,-0.847,-25.7,-0.457,-0.68,-0.93,17.9,0.21,-26.0,-0.512
2005,BE34,Luxembourg,C1110,Froment et épeautre,5.2,29.72,5.715,False,8.08,801.3,635.7,13.2,432.3,507.8,-0.4,-0.583,-258.4,-1.852,-5.5,-0.098,-0.08,-0.11,-66.1,-0.778,-9.0,-0.177
2006,BE34,Luxembourg,C1110,Froment et épeautre,5.2,30.1,5.788,False,8.56,1063.5,634.6,13.68,571.2,510.8,0.08,0.119,3.8,0.027,-6.6,-0.118,0.4,0.546,72.8,0.857,-6.0,-0.118
2007,BE34,Luxembourg,C1110,Froment et épeautre,5.0,27.01,5.402,False,8.63,1178.1,605.7,13.15,593.7,482.1,0.15,0.222,118.4,0.848,-35.5,-0.632,-0.13,-0.178,95.3,1.122,-34.7,-0.684
2008,BE34,Luxembourg,C1110,Froment et épeautre,6.2,39.64,6.394,False,7.91,1137.6,587.2,12.49,543.2,469.2,-0.57,-0.832,77.9,0.558,-54.0,-0.961,-0.79,-1.08,44.8,0.527,-47.6,-0.939
2009,BE34,Luxembourg,C1110,Froment et épeautre,5.6,36.26,6.475,False,8.05,1049.5,623.9,13.44,504.4,511.1,-0.43,-0.627,-10.2,-0.073,-17.3,-0.308,0.16,0.218,6.0,0.07,-5.7,-0.112
2010,BE34,Luxembourg,C1110,Froment et épeautre,5.2,,,False,6.87,970.0,617.1,12.46,489.2,498.2,-1.61,-2.354,-89.7,-0.643,-24.1,-0.429,-0.82,-1.121,-9.2,-0.108,-18.6,-0.366
2011,BE34,Luxembourg,C1110,Froment et épeautre,5.0,29.83,5.966,False,8.91,892.2,663.7,13.59,458.4,527.4,0.43,0.632,-167.5,-1.201,22.5,0.4,0.31,0.423,-40.0,-0.471,10.6,0.21
2012,BE34,Luxembourg,C1110,Froment et épeautre,4.9,29.69,6.059,False,8.0,1131.2,603.3,12.54,609.1,472.8,-0.48,-0.7,71.5,0.512,-37.9,-0.674,-0.74,-1.012,110.7,1.303,-44.0,-0.868
2013,BE34,Luxembourg,C1110,Froment et épeautre,6.0,39.99,6.665,False,7.44,1005.1,586.1,12.58,524.2,475.2,-1.04,-1.52,-54.6,-0.392,-55.1,-0.98,-0.7,-0.957,25.8,0.303,-41.6,-0.82
2014,BE34,Luxembourg,C1110,Froment et épeautre,6.23,41.95,6.734,False,9.21,1010.0,626.5,13.29,505.1,493.8,0.73,1.071,-49.7,-0.356,-14.7,-0.262,0.01,0.013,6.7,0.079,-23.0,-0.453
2015,BE34,Luxembourg,C1110,Froment et épeautre,7.33,46.26,6.311,False,8.69,918.0,654.0,13.22,457.7,538.1,0.21,0.31,-141.7,-1.016,12.8,0.227,-0.06,-0.083,-40.7,-0.479,21.3,0.421
2016,BE34,Luxembourg,C1110,Froment et épeautre,6.46,29.72,4.601,False,8.32,1068.7,602.5,13.49,547.9,486.9,-0.16,-0.232,9.0,0.064,-38.7,-0.688,0.21,0.286,49.5,0.582,-29.9,-0.589
2017,BE34,Luxembourg,C1110,Froment et épeautre,5.67,33.08,5.834,False,8.45,977.5,625.5,13.21,449.4,501.3,-0.03,-0.042,-82.2,-0.589,-15.7,-0.28,-0.07,-0.096,-49.0,-0.577,-15.5,-0.305
2018,BE34,Luxembourg,C1110,Froment et épeautre,5.62,33.7,5.996,False,9.36,931.1,748.7,15.12,343.1,613.2,0.88,1.29,-128.6,-0.922,107.5,1.911,1.84,2.514,-155.3,-1.828,96.4,1.903
2019,BE34,Luxembourg,C1110,Froment et épeautre,5.77,37.97,6.581,False,8.97,1185.0,703.1,13.66,426.3,575.4,0.49,0.719,125.3,0.898,61.9,1.1,0.38,0.519,-72.1,-0.849,58.6,1.157
2020,BE34,Luxembourg,C1110,Froment et épeautre,5.87,36.57,6.23,False,9.6,1181.9,742.6,14.43,348.2,623.1,1.12,1.641,122.2,0.875,101.4,1.803,1.15,1.571,-150.2,-1.768,106.3,2.098
2021,BE34,Luxembourg,C1110,Froment et épeautre,6.23,32.44,5.207,False,7.94,1125.2,603.9,12.33,582.3,476.1,-0.54,-0.788,65.5,0.469,-37.3,-0.664,-0.95,-1.299,83.9,0.987,-40.7,-0.802
2022,BE34,Luxembourg,C1110,Froment et épeautre,6.25,38.75,6.2,False,9.53,929.7,768.7,14.18,373.6,618.6,1.05,1.539,-130.0,-0.932,127.5,2.267,0.9,1.23,-124.8,-1.469,101.8,2.009
2023,BE34,Luxembourg,C1110,Froment et épeautre,6.1,34.58,5.669,False,9.36,1271.8,681.6,14.02,473.9,564.0,0.88,1.29,212.1,1.52,40.4,0.718,0.74,1.011,-24.5,-0.289,47.2,0.932
2024,BE34,Luxembourg,C1110,Froment et épeautre,5.71,27.09,4.744,False,9.13,1363.3,597.5,13.39,669.2,478.6,0.65,0.954,303.6,2.175,-43.7,-0.777,0.11,0.15,170.8,2.01,-38.2,-0.753
2000,BE35,Namur,C1110,Froment et épeautre,34.5,262.26,7.602,False,10.82,958.0,652.5,14.91,554.0,497.5,0.12,0.211,121.7,0.964,-61.7,-1.212,-0.38,-0.631,137.2,1.593,-58.6,-1.303
2001,BE35,Namur,C1110,Froment et épeautre,32.3,251.23,7.778,False,10.36,991.4,676.9,14.64,488.3,530.5,-0.34,-0.628,155.1,1.228,-37.3,-0.732,-0.65,-1.086,71.5,0.83,-25.6,-0.569
2002,BE35,Namur,C1110,Froment et épeautre,32.7,267.56,8.182,False,10.97,966.3,674.4,14.94,426.1,509.7,0.27,0.484,130.0,1.029,-39.8,-0.782,-0.35,-0.581,9.3,0.108,-46.4,-1.032
2003,BE35,Namur,C1110,Froment et épeautre,34.3,277.01,8.076,False,10.85,652.7,793.9,16.33,346.6,625.0,0.15,0.265,-183.6,-1.454,79.7,1.567,1.04,1.758,-70.2,-0.815,68.9,1.532
2004,BE35,Namur,C1110,Froment et épeautre,34.8,298.97,8.591,False,10.28,733.5,700.0,14.99,388.5,540.9,-0.42,-0.773,-102.8,-0.815,-14.2,-0.278,-0.3,-0.497,-28.3,-0.329,-15.2,-0.338
2005,BE35,Namur,C1110,Froment et épeautre,34.6,275.31,7.957,False,10.66,672.3,705.8,15.32,381.8,544.4,-0.04,-0.081,-164.0,-1.299,-8.4,-0.164,0.03,0.059,-35.0,-0.406,-11.7,-0.26
2006,BE35,Namur,C1110,Froment et épeautre,33.0,254.18,7.702,False,10.94,785.5,705.9,15.93,423.6,550.0,0.24,0.429,-50.8,-0.403,-8.3,-0.162,0.64,1.085,6.8,0.079,-6.1,-0.136
2007,BE35,Namur,C1110,Froment et épeautre,32.6,248.77,7.631,False,11.02,885.3,682.3,15.4,475.2,528.4,0.32,0.575,49.0,0.388,-31.9,-0.626,0.11,0.193,58.4,0.678,-27.7,-0.616
2008,BE35,Namur,C1110,Froment et épeautre,35.6,295.22,8.293,False,10.37,839.3,670.8,14.77,436.4,517.7,-0.33,-0.609,3.0,0.023,-43.4,-0.852,-0.52,-0.867,19.6,0.227,-38.4,-0.854
2009,BE35,Namur,C1110,Froment et épeautre,33.6,300.55,8.945,False,10.45,804.3,708.1,15.61,375.7,561.5,-0.25,-0.464,-32.0,-0.254,-6.1,-0.119,0.32,0.547,-41.1,-0.477,5.4,0.12
2010,BE35,Namur,C1110,Froment et épeautre,34.9,,,False,9.26,823.9,689.1,14.68,424.8,546.6,-1.44,-2.632,-12.4,-0.099,-25.1,-0.493,-0.61,-1.018,8.0,0.093,-9.5,-0.211
2011,BE35,Namur,C1110,Froment et épeautre,34.0,273.4,8.041,False,11.27,716.5,734.2,15.76,397.1,570.2,0.57,1.031,-119.8,-0.949,20.0,0.394,0.47,0.799,-19.7,-0.229,14.1,0.313
2012,BE35,Namur,C1110,Froment et épeautre,33.5,261.56,7.808,False,10.35,880.7,677.6,14.71,460.9,522.7,-0.35,-0.646,44.4,0.351,-36.6,-0.719,-0.58,-0.968,44.1,0.512,-33.4,-0.743
2013,BE35,Namur,C1110,Froment et épeautre,34.2,292.48,8.552,False,9.83,742.0,669.4,14.79,349.6,524.2,-0.87,-1.594,-94.3,-0.747,-44.8,-0.88,-0.5,-0.833,-67.2,-0.78,-31.9,-0.71
2014,BE35,Namur,C1110,Froment et épeautre,35.01,307.62,8.787,False,11.62,826.3,701.9,15.48,441.4,526.6,0.92,1.669,-10.0,-0.08,-12.3,-0.241,0.19,0.328,24.6,0.286,-29.5,-0.656
2015,BE35,Namur,C1110,Froment et épeautre,35.8,313.47,8.756,False,11.0,734.9,724.8,15.12,352.8,570.1,0.3,0.539,-101.4,-0.803,10.6,0.209,-0.17,-0.278,-64.0,-0.743,14.0,0.311
2016,BE35,Namur,C1110,Froment et épeautre,33.63,217.0,6.453,False,10.76,839.1,679.6,15.76,425.7,533.4,0.06,0.101,2.8,0.022,-34.6,-0.679,0.47,0.799,8.9,0.103,-22.7,-0.505
2017,BE35,Namur,C1110,Froment et épeautre,31.54,239.18,7.583,False,10.44,807.0,700.4,14.93,408.0,541.3,-0.26,-0.482,-29.3,-0.232,-13.8,-0.27,-0.36,-0.598,-8.8,-0.102,-14.8,-0.329
2018,BE35,Namur,C1110,Froment et épeautre,32.57,265.34,8.147,False,11.07,686.1,812.1,16.6,264.7,646.6,0.37,0.666,-150.2,-1.19,97.9,1.925,1.31,2.213,-152.1,-1.766,90.5,2.012
2019,BE35,Namur,C1110,Froment et épeautre,33.89,295.31,8.714,False,10.7,841.9,755.5,15.13,331.7,594.0,-0.0,-0.008,5.6,0.044,41.3,0.813,-0.16,-0.261,-85.1,-0.988,37.9,0.842
2020,BE35,Namur,C1110,Froment et épeautre,32.55,269.63,8.284,False,11.38,833.9,811.6,15.96,304.4,650.8,0.68,1.231,-2.4,-0.019,97.4,1.915,0.67,1.136,-112.4,-1.305,94.7,2.105
2021,BE35,Namur,C1110,Froment et épeautre,35.02,250.21,7.145,False,9.73,1038.2,660.6,13.95,592.7,507.5,-0.97,-1.776,201.9,1.599,-53.6,-1.053,-1.34,-2.247,175.9,2.042,-48.6,-1.081
2022,BE35,Namur,C1110,Froment et épeautre,34.58,289.12,8.361,False,11.26,678.1,828.0,15.68,281.4,640.0,0.56,1.013,-158.2,-1.253,113.8,2.238,0.39,0.664,-135.4,-1.572,83.9,1.865
2023,BE35,Namur,C1110,Froment et épeautre,32.9,262.25,7.971,False,11.2,1073.5,758.2,15.56,494.9,597.7,0.5,0.903,237.2,1.878,44.0,0.866,0.27,0.462,78.1,0.907,41.6,0.925
2024,BE35,Namur,C1110,Froment et épeautre,30.3,188.55,6.223,False,11.02,1097.8,680.4,15.18,593.9,525.5,0.32,0.575,261.5,2.071,-33.8,-0.664,-0.11,-0.177,177.1,2.056,-30.6,-0.681
2000,BE3,Wallonie,C1300,Orge,36.0,248.36,6.899,False,10.358,989.28,639.88,14.494,550.64,492.0,0.02,0.037,116.9,0.933,-63.0,-1.185,-0.44,-0.706,123.9,1.575,-58.0,-1.246
2001,BE3,Wallonie,C1300,Orge,36.3,266.33,7.337,False,9.876,1013.8,659.22,14.146,492.7,518.36,-0.46,-0.771,141.4,1.129,-43.7,-0.822,-0.79,-1.261,66.0,0.839,-31.6,-0.679
2002,BE3,Wallonie,C1300,Orge,33.4,256.4,7.677,False,10.498,975.88,661.48,14.504,404.44,503.68,0.16,0.271,103.5,0.826,-41.4,-0.779,-0.43,-0.69,-22.3,-0.283,-46.3,-0.995
2003,BE3,Wallonie,C1300,Orge,28.4,185.53,6.533,False,10.376,678.1600000000001,780.04,15.895999999999995,355.18,616.48,0.04,0.067,-194.2,-1.55,77.1,1.451,0.96,1.526,-71.5,-0.909,66.5,1.429
2004,BE3,Wallonie,C1300,Orge,27.2,215.19,7.911,False,9.802,770.3199999999999,684.1,14.52,409.2,530.54,-0.53,-0.896,-102.1,-0.815,-18.8,-0.354,-0.42,-0.665,-17.5,-0.223,-19.4,-0.418
2005,BE3,Wallonie,C1300,Orge,28.9,219.83,7.607,False,10.152,703.22,689.1800000000001,14.866,399.6,534.6,-0.18,-0.309,-169.2,-1.35,-13.7,-0.258,-0.07,-0.114,-27.1,-0.345,-15.4,-0.33
2006,BE3,Wallonie,C1300,Orge,35.8,271.93,7.596,False,10.504,831.5,695.52,15.5,452.36,544.8,0.17,0.281,-40.9,-0.326,-7.4,-0.139,0.56,0.896,25.6,0.326,-5.2,-0.111
2007,BE3,Wallonie,C1300,Orge,35.2,274.84,7.808,False,10.564,922.94,668.28,14.948000000000002,482.54,519.3199999999999,0.23,0.382,50.6,0.404,-34.6,-0.651,0.01,0.017,55.8,0.71,-30.7,-0.659
2008,BE3,Wallonie,C1300,Orge,41.1,322.63,7.85,False,9.904,883.9199999999998,657.4399999999999,14.332,452.58,511.0200000000001,-0.43,-0.725,11.5,0.092,-45.5,-0.855,-0.61,-0.964,25.9,0.329,-39.0,-0.837
2009,BE3,Wallonie,C1300,Orge,40.4,340.3,8.423,False,10.014,826.04,695.9399999999999,15.212,373.74,554.88,-0.32,-0.54,-46.3,-0.37,-7.0,-0.131,0.27,0.437,-53.0,-0.673,4.9,0.105
2010,BE3,Wallonie,C1300,Orge,32.7,270.85,8.283,False,8.774000000000001,849.32,672.8399999999999,14.206,427.04,535.8,-1.56,-2.619,-23.1,-0.184,-30.1,-0.565,-0.73,-1.165,0.3,0.004,-14.2,-0.305
2011,BE3,Wallonie,C1300,Orge,31.0,244.72,7.894,False,10.814,722.26,720.1800000000001,15.306,381.76,561.0,0.48,0.801,-150.1,-1.198,17.3,0.325,0.37,0.587,-45.0,-0.571,11.0,0.237
2012,BE3,Wallonie,C1300,Orge,32.4,260.6,8.043,False,9.886,912.44,664.6800000000001,14.278,467.02,514.48,-0.45,-0.755,40.1,0.32,-38.2,-0.719,-0.66,-1.05,40.3,0.512,-35.5,-0.763
2013,BE3,Wallonie,C1300,Orge,33.2,278.62,8.392,False,9.378,787.2,654.96,14.346,376.98,515.76,-0.96,-1.606,-85.2,-0.68,-47.9,-0.902,-0.59,-0.942,-49.7,-0.632,-34.2,-0.735
2014,BE3,Wallonie,C1300,Orge,33.63,287.82,8.558,False,11.146,862.46,686.1600000000001,15.03,461.18,517.3799999999999,0.81,1.358,-9.9,-0.079,-16.7,-0.315,0.09,0.147,34.5,0.438,-32.6,-0.7
2015,BE3,Wallonie,C1300,Orge,32.94,292.83,8.89,False,10.553999999999998,767.76,714.4,14.742,367.0,565.86,0.22,0.365,-104.6,-0.835,11.5,0.216,-0.2,-0.311,-59.7,-0.759,15.9,0.341
2016,BE3,Wallonie,C1300,Orge,37.51,227.66,6.069,False,10.303999999999998,875.8800000000001,667.1,15.303999999999998,448.52,525.7,-0.03,-0.054,3.5,0.028,-35.8,-0.673,0.37,0.584,21.8,0.277,-24.3,-0.522
2017,BE3,Wallonie,C1300,Orge,29.77,248.55,8.349,False,10.248,839.9,693.6,14.76,410.08,538.64,-0.09,-0.148,-32.5,-0.259,-9.3,-0.175,-0.18,-0.283,-16.6,-0.211,-11.3,-0.243
2018,BE3,Wallonie,C1300,Orge,27.14,205.94,7.588,False,10.88,731.7,800.5,16.410000000000004,283.42,639.1200000000001,0.54,0.912,-140.7,-1.123,97.6,1.835,1.47,2.345,-143.3,-1.821,89.1,1.916
2019,BE3,Wallonie,C1300,Orge,30.35,256.91,8.465,False,10.55,902.66,751.4,15.0,353.76,593.9399999999999,0.21,0.359,30.3,0.242,48.5,0.912,0.06,0.1,-73.0,-0.927,44.0,0.945
2020,BE3,Wallonie,C1300,Orge,27.94,205.42,7.352,False,11.222,887.3399999999999,806.98,15.786,316.54,648.02,0.89,1.485,15.0,0.119,104.1,1.957,0.85,1.351,-110.2,-1.4,98.0,2.107
2021,BE3,Wallonie,C1300,Orge,23.96,184.41,7.697,False,9.574000000000002,1036.44,657.0,13.791999999999998,558.64,506.0,-0.76,-1.278,164.1,1.31,-45.9,-0.863,-1.15,-1.824,131.9,1.677,-44.0,-0.945
2022,BE3,Wallonie,C1300,Orge,30.37,236.5,7.787,False,11.13,758.48,827.3,15.614,331.98,644.08,0.79,1.331,-113.9,-0.909,124.4,2.34,0.68,1.077,-94.7,-1.204,94.1,2.022
2023,BE3,Wallonie,C1300,Orge,30.55,235.16,7.698,False,11.052,1122.16,752.1600000000001,15.448000000000002,501.66,595.6800000000001,0.72,1.2,249.8,1.994,49.3,0.926,0.51,0.813,74.9,0.953,45.7,0.982
2024,BE3,Wallonie,C1300,Orge,30.15,187.64,6.224,False,10.844,1158.24,672.3399999999999,14.998,609.2,522.14,0.51,0.851,285.9,2.282,-30.6,-0.575,0.06,0.096,182.5,2.32,-27.8,-0.598
2000,BE31,Brabant wallon,C1300,Orge,4.7,35.55,7.564,False,10.63,936.2,659.5,14.66,550.7,498.5,-0.01,-0.017,137.4,1.113,-61.6,-1.153,-0.48,-0.752,151.0,1.845,-60.8,-1.289
2001,BE31,Brabant wallon,C1300,Orge,4.4,34.76,7.9,False,10.14,954.9,679.3,14.38,476.9,531.8,-0.5,-0.81,156.1,1.265,-41.8,-0.782,-0.76,-1.189,77.2,0.943,-27.5,-0.583
2002,BE31,Brabant wallon,C1300,Orge,3.9,30.36,7.785,False,10.74,909.4,673.7,14.66,405.9,505.7,0.1,0.161,110.6,0.896,-47.4,-0.887,-0.48,-0.752,6.2,0.076,-53.6,-1.136
2003,BE31,Brabant wallon,C1300,Orge,3.5,23.55,6.729,False,10.61,612.7,788.5,15.98,325.3,619.5,-0.03,-0.05,-186.1,-1.508,67.4,1.264,0.84,1.31,-74.4,-0.908,60.2,1.274
2004,BE31,Brabant wallon,C1300,Orge,3.0,23.69,7.897,False,10.15,700.7,705.7,14.76,360.4,542.0,-0.49,-0.794,-98.1,-0.795,-15.4,-0.288,-0.38,-0.595,-39.3,-0.479,-17.3,-0.367
2005,BE31,Brabant wallon,C1300,Orge,3.3,25.51,7.73,False,10.45,658.1,701.6,14.97,393.8,538.0,-0.19,-0.309,-140.7,-1.14,-19.5,-0.365,-0.17,-0.267,-5.9,-0.072,-21.3,-0.452
2006,BE31,Brabant wallon,C1300,Orge,4.6,37.13,8.072,False,10.78,742.6,714.3,15.7,407.3,554.2,0.14,0.225,-56.2,-0.455,-6.8,-0.127,0.56,0.873,7.6,0.093,-5.1,-0.109
2007,BE31,Brabant wallon,C1300,Orge,5.1,41.16,8.071,False,10.84,814.5,686.6,15.14,430.8,528.6,0.2,0.322,15.7,0.127,-34.5,-0.646,-0.0,-0.002,31.1,0.38,-30.7,-0.651
2008,BE31,Brabant wallon,C1300,Orge,6.0,49.15,8.192,False,10.18,774.8,679.1,14.52,418.2,522.6,-0.46,-0.746,-24.0,-0.194,-42.0,-0.786,-0.62,-0.97,18.5,0.226,-36.7,-0.778
2009,BE31,Brabant wallon,C1300,Orge,5.4,46.65,8.639,False,10.29,733.8,720.0,15.38,330.0,567.7,-0.35,-0.568,-65.0,-0.527,-1.1,-0.02,0.24,0.373,-69.7,-0.851,8.4,0.177
2010,BE31,Brabant wallon,C1300,Orge,4.1,35.68,8.702,False,9.02,814.9,687.9,14.36,409.3,545.7,-1.62,-2.623,16.1,0.13,-33.2,-0.621,-0.78,-1.22,9.6,0.118,-13.6,-0.289
2011,BE31,Brabant wallon,C1300,Orge,4.0,29.97,7.492,False,11.04,666.2,734.1,15.42,365.2,567.9,0.4,0.646,-132.6,-1.074,13.0,0.244,0.28,0.435,-34.5,-0.421,8.6,0.181
2012,BE31,Brabant wallon,C1300,Orge,4.5,36.1,8.022,False,10.12,849.7,681.8,14.42,433.8,525.8,-0.52,-0.843,50.9,0.412,-39.3,-0.736,-0.72,-1.126,34.1,0.417,-33.5,-0.71
2013,BE31,Brabant wallon,C1300,Orge,4.6,42.03,9.137,False,9.64,717.2,677.1,14.53,326.7,528.5,-1.0,-1.619,-81.6,-0.661,-44.0,-0.824,-0.61,-0.955,-73.0,-0.891,-30.8,-0.653
2014,BE31,Brabant wallon,C1300,Orge,4.45,38.63,8.681,False,11.38,836.2,701.5,15.18,464.0,520.9,0.74,1.196,37.4,0.303,-19.6,-0.366,0.04,0.061,64.3,0.786,-38.4,-0.814
2015,BE31,Brabant wallon,C1300,Orge,4.14,39.89,9.635,False,10.78,705.6,731.3,14.8,346.3,570.7,0.14,0.225,-93.2,-0.755,10.2,0.192,-0.34,-0.533,-53.4,-0.652,11.4,0.241
2016,BE31,Brabant wallon,C1300,Orge,4.63,30.34,6.553,False,10.6,804.5,688.5,15.5,414.5,537.0,-0.04,-0.066,5.7,0.046,-32.6,-0.61,0.36,0.56,14.8,0.181,-22.3,-0.473
2017,BE31,Brabant wallon,C1300,Orge,3.5,30.14,8.611,False,10.7,764.6,716.7,15.08,385.5,552.0,0.06,0.096,-34.2,-0.277,-4.4,-0.082,-0.06,-0.096,-14.2,-0.173,-7.3,-0.156
2018,BE31,Brabant wallon,C1300,Orge,3.09,24.53,7.939,False,11.23,628.9,818.3,16.67,237.0,651.0,0.59,0.953,-169.9,-1.376,97.2,1.822,1.53,2.388,-162.7,-1.986,91.7,1.941
2019,BE31,Brabant wallon,C1300,Orge,3.45,31.6,9.159,False,10.93,796.4,768.9,15.28,326.5,603.9,0.29,0.468,-2.4,-0.019,47.8,0.896,0.14,0.217,-73.2,-0.893,44.6,0.944
2020,BE31,Brabant wallon,C1300,Orge,2.99,24.69,8.258,False,11.58,781.9,826.7,16.0,296.1,656.8,0.94,1.52,-16.9,-0.137,105.6,1.979,0.86,1.341,-103.6,-1.265,97.5,2.064
2021,BE31,Brabant wallon,C1300,Orge,2.94,25.53,8.684,False,9.96,1003.0,670.1,14.08,553.8,513.9,-0.68,-1.102,204.2,1.654,-51.0,-0.955,-1.06,-1.657,154.1,1.882,-45.4,-0.963
2022,BE31,Brabant wallon,C1300,Orge,3.52,31.66,8.994,False,11.53,687.5,850.6,15.96,314.1,658.6,0.89,1.439,-111.3,-0.902,129.5,2.427,0.82,1.279,-85.6,-1.045,99.3,2.102
2023,BE31,Brabant wallon,C1300,Orge,3.54,28.5,8.051,False,11.47,1005.1,774.7,15.78,455.8,608.7,0.83,1.342,206.3,1.671,53.6,1.005,0.64,0.998,56.1,0.686,49.4,1.045
2024,BE31,Brabant wallon,C1300,Orge,3.54,24.34,6.876,False,11.23,1070.4,690.0,15.32,563.5,533.6,0.59,0.953,271.6,2.2,-31.1,-0.582,0.18,0.279,163.8,2.001,-25.7,-0.545
2000,BE32,Hainaut,C1300,Orge,8.7,59.78,6.871,False,11.01,930.8,665.5,15.03,517.4,505.6,-0.04,-0.06,127.9,0.976,-60.0,-1.132,-0.47,-0.758,130.0,1.682,-56.8,-1.237
2001,BE32,Hainaut,C1300,Orge,9.3,62.86,6.759,False,10.55,958.2,678.5,14.75,459.7,530.7,-0.5,-0.835,155.3,1.185,-47.0,-0.887,-0.75,-1.208,72.3,0.935,-31.7,-0.691
2002,BE32,Hainaut,C1300,Orge,7.8,59.32,7.605,False,11.19,925.4,679.8,15.03,379.5,511.4,0.14,0.243,122.5,0.934,-45.7,-0.862,-0.47,-0.758,-7.9,-0.102,-51.0,-1.111
2003,BE32,Hainaut,C1300,Orge,7.8,53.22,6.823,False,11.07,614.7,796.4,16.41,321.6,625.2,0.02,0.041,-188.2,-1.435,70.9,1.338,0.91,1.461,-65.8,-0.851,62.8,1.366
2004,BE32,Hainaut,C1300,Orge,6.9,54.84,7.948,False,10.65,657.0,716.0,15.24,333.2,550.8,-0.4,-0.666,-145.9,-1.112,-9.5,-0.179,-0.26,-0.421,-54.2,-0.7,-11.6,-0.253
2005,BE32,Hainaut,C1300,Orge,7.4,57.7,7.797,False,10.89,658.1,700.2,15.34,394.0,534.9,-0.16,-0.262,-144.8,-1.104,-25.3,-0.477,-0.16,-0.26,6.6,0.086,-27.5,-0.599
2006,BE32,Hainaut,C1300,Orge,9.7,74.96,7.728,False,11.18,746.2,713.0,16.06,401.8,552.8,0.13,0.226,-56.7,-0.432,-12.5,-0.236,0.56,0.898,14.4,0.187,-9.6,-0.209
2007,BE32,Hainaut,C1300,Orge,9.9,78.13,7.892,False,11.24,805.1,687.8,15.5,414.4,528.8,0.19,0.327,2.2,0.017,-37.7,-0.711,-0.0,-0.003,27.0,0.35,-33.6,-0.732
2008,BE32,Hainaut,C1300,Orge,11.8,94.83,8.036,False,10.61,811.9,685.8,14.94,418.5,529.7,-0.44,-0.734,9.0,0.069,-39.7,-0.749,-0.56,-0.903,31.1,0.403,-32.7,-0.712
2009,BE32,Hainaut,C1300,Orge,11.9,104.18,8.755,False,10.76,740.1,728.8,15.8,312.0,576.0,-0.29,-0.481,-62.8,-0.479,3.3,0.062,0.3,0.48,-75.4,-0.975,13.6,0.296
2010,BE32,Hainaut,C1300,Orge,10.0,86.1,8.61,False,9.49,793.9,691.8,14.77,390.5,547.6,-1.56,-2.621,-9.0,-0.068,-33.7,-0.636,-0.73,-1.176,3.1,0.041,-14.8,-0.323
2011,BE32,Hainaut,C1300,Orge,9.0,76.91,8.546,False,11.51,622.7,740.4,15.81,305.9,573.2,0.46,0.782,-180.2,-1.374,14.9,0.281,0.31,0.496,-81.5,-1.054,10.8,0.235
2012,BE32,Hainaut,C1300,Orge,9.6,82.3,8.573,False,10.52,829.5,684.1,14.76,413.9,526.1,-0.53,-0.885,26.6,0.203,-41.4,-0.781,-0.74,-1.192,26.5,0.343,-36.3,-0.791
2013,BE32,Hainaut,C1300,Orge,9.7,85.68,8.833,False,10.08,725.5,676.8,14.86,328.2,528.2,-0.97,-1.627,-77.4,-0.59,-48.7,-0.919,-0.64,-1.032,-59.2,-0.765,-34.2,-0.745
2014,BE32,Hainaut,C1300,Orge,9.64,86.49,8.972,False,11.76,794.8,705.0,15.55,413.1,524.3,0.71,1.203,-8.1,-0.062,-20.5,-0.387,0.05,0.078,25.7,0.333,-38.1,-0.83
2015,BE32,Hainaut,C1300,Orge,9.7,92.11,9.496,False,11.22,677.3,740.2,15.25,298.8,579.4,0.17,0.294,-125.6,-0.958,14.7,0.278,-0.25,-0.405,-88.6,-1.145,17.0,0.37
2016,BE32,Hainaut,C1300,Orge,11.36,73.09,6.434,False,11.01,793.6,693.4,15.85,401.1,540.3,-0.04,-0.06,-9.3,-0.071,-32.1,-0.605,0.35,0.56,13.7,0.178,-22.1,-0.482
2017,BE32,Hainaut,C1300,Orge,9.41,81.01,8.609,False,11.07,752.6,728.1,15.45,342.9,562.8,0.02,0.041,-50.3,-0.383,2.6,0.049,-0.05,-0.083,-44.5,-0.575,0.4,0.008
2018,BE32,Hainaut,C1300,Orge,8.44,67.27,7.97,False,11.57,692.9,821.1,16.9,278.0,651.1,0.52,0.883,-110.0,-0.839,95.6,1.804,1.4,2.248,-109.4,-1.414,88.7,1.93
2019,BE32,Hainaut,C1300,Orge,9.47,85.7,9.05,False,11.22,851.2,764.3,15.47,338.1,596.9,0.17,0.294,48.3,0.369,38.8,0.732,-0.03,-0.051,-49.3,-0.637,34.5,0.75
2020,BE32,Hainaut,C1300,Orge,8.52,66.32,7.784,False,11.93,815.0,828.2,16.33,308.6,656.1,0.88,1.49,12.1,0.092,102.7,1.938,0.83,1.332,-78.8,-1.019,93.7,2.039
2021,BE32,Hainaut,C1300,Orge,7.76,64.11,8.262,False,10.29,1011.9,678.6,14.41,512.5,521.1,-0.76,-1.273,209.0,1.594,-46.9,-0.885,-1.09,-1.755,125.1,1.618,-41.3,-0.899
2022,BE32,Hainaut,C1300,Orge,9.32,77.28,8.292,False,11.89,713.2,855.3,16.34,332.5,661.0,0.84,1.422,-89.7,-0.684,129.8,2.449,0.84,1.348,-54.9,-0.71,98.6,2.146
2023,BE32,Hainaut,C1300,Orge,9.79,82.1,8.386,False,11.83,1068.7,777.0,16.05,497.6,604.6,0.78,1.321,265.8,2.027,51.5,0.972,0.55,0.882,110.2,1.426,42.2,0.918
2024,BE32,Hainaut,C1300,Orge,9.47,63.36,6.691,False,11.6,1081.5,701.1,15.64,570.3,542.0,0.55,0.934,278.6,2.125,-24.4,-0.46,0.14,0.223,182.9,2.366,-20.4,-0.445
2000,BE33,Liège,C1300,Orge,7.7,55.51,7.209,False,10.93,942.8,649.7,15.13,528.6,498.2,0.12,0.203,78.7,0.618,-62.9,-1.171,-0.35,-0.578,97.3,1.133,-57.0,-1.262
2001,BE33,Liège,C1300,Orge,7.0,59.08,8.44,False,10.41,972.2,671.2,14.74,459.5,526.6,-0.4,-0.688,108.1,0.849,-41.4,-0.771,-0.74,-1.223,28.2,0.328,-28.6,-0.633
2002,BE33,Liège,C1300,Orge,7.1,58.03,8.173,False,11.05,929.3,668.7,15.13,383.0,507.6,0.24,0.408,65.2,0.512,-43.9,-0.817,-0.35,-0.578,-48.3,-0.562,-47.6,-1.054
2003,BE33,Liège,C1300,Orge,5.4,37.99,7.035,False,10.95,669.4,791.5,16.54,350.0,624.5,0.14,0.237,-194.7,-1.53,78.9,1.468,1.06,1.756,-81.3,-0.947,69.3,1.534
2004,BE33,Liège,C1300,Orge,5.0,43.2,8.64,False,10.24,818.8,683.3,15.01,447.6,528.2,-0.57,-0.979,-45.3,-0.356,-29.3,-0.545,-0.47,-0.776,16.3,0.19,-27.0,-0.598
2005,BE33,Liège,C1300,Orge,5.3,42.45,8.009,False,10.68,726.3,702.6,15.5,396.1,547.9,-0.13,-0.225,-137.8,-1.083,-10.0,-0.186,0.02,0.034,-35.2,-0.41,-7.3,-0.162
2006,BE33,Liège,C1300,Orge,6.9,56.75,8.225,False,11.06,819.7,709.8,16.13,457.9,556.2,0.25,0.425,-44.4,-0.349,-2.8,-0.052,0.65,1.077,26.6,0.31,1.0,0.022
2007,BE33,Liège,C1300,Orge,6.6,53.71,8.138,False,11.09,931.7,679.0,15.55,498.6,528.7,0.28,0.477,67.6,0.531,-33.6,-0.625,0.07,0.117,67.3,0.783,-26.5,-0.587
2008,BE33,Liège,C1300,Orge,7.8,64.05,8.212,False,10.45,856.0,664.3,14.94,446.6,515.9,-0.36,-0.619,-8.1,-0.064,-48.3,-0.899,-0.54,-0.892,15.3,0.178,-39.3,-0.87
2009,BE33,Liège,C1300,Orge,7.6,66.22,8.713,False,10.52,802.5,698.9,15.83,346.6,558.1,-0.29,-0.499,-61.6,-0.484,-13.7,-0.255,0.35,0.581,-84.7,-0.986,2.9,0.064
2010,BE33,Liège,C1300,Orge,5.8,50.62,8.728,False,9.23,843.9,678.3,14.76,421.4,540.9,-1.58,-2.708,-20.2,-0.159,-34.3,-0.638,-0.72,-1.19,-9.9,-0.115,-14.3,-0.317
2011,BE33,Liège,C1300,Orge,5.0,43.95,8.79,False,11.34,713.7,728.5,15.95,382.2,566.3,0.53,0.905,-150.4,-1.182,15.9,0.296,0.47,0.779,-49.1,-0.572,11.1,0.245
2012,BE33,Liège,C1300,Orge,5.4,45.3,8.389,False,10.44,871.1,676.6,14.96,417.4,525.0,-0.37,-0.636,7.0,0.055,-36.0,-0.67,-0.52,-0.859,-13.9,-0.162,-30.2,-0.669
2013,BE33,Liège,C1300,Orge,5.6,49.12,8.771,False,9.9,746.2,665.4,14.97,356.2,522.7,-0.91,-1.561,-117.9,-0.926,-47.2,-0.879,-0.51,-0.843,-75.1,-0.874,-32.5,-0.72
2014,BE33,Liège,C1300,Orge,5.18,46.29,8.936,False,11.76,845.0,695.9,15.65,482.3,521.3,0.95,1.624,-19.1,-0.15,-16.7,-0.311,0.17,0.283,51.0,0.594,-33.9,-0.751
2015,BE33,Liège,C1300,Orge,4.69,43.59,9.294,False,11.08,803.0,721.7,15.32,379.4,571.0,0.27,0.459,-61.1,-0.48,9.1,0.169,-0.16,-0.263,-51.9,-0.604,15.8,0.349
2016,BE33,Liège,C1300,Orge,5.48,35.19,6.422,False,10.83,873.5,671.5,15.92,453.4,530.9,0.02,0.032,9.4,0.074,-41.1,-0.765,0.44,0.729,22.1,0.257,-24.3,-0.538
2017,BE33,Liège,C1300,Orge,4.27,36.07,8.447,False,10.58,897.8,697.3,15.13,464.6,535.8,-0.23,-0.396,33.7,0.265,-15.3,-0.285,-0.35,-0.578,33.3,0.388,-19.4,-0.43
2018,BE33,Liège,C1300,Orge,3.48,25.49,7.325,False,11.17,719.5,802.3,16.76,294.3,633.7,0.36,0.614,-144.6,-1.136,89.7,1.669,1.28,2.12,-137.0,-1.595,78.5,1.737
2019,BE33,Liège,C1300,Orge,3.78,32.07,8.484,False,10.93,838.8,765.2,15.46,346.2,599.5,0.12,0.203,-25.3,-0.199,52.6,0.979,-0.02,-0.032,-85.1,-0.991,44.3,0.98
2020,BE33,Liège,C1300,Orge,3.16,24.33,7.699,False,11.62,824.0,825.8,16.21,325.4,653.3,0.81,1.384,-40.1,-0.315,113.2,2.107,0.73,1.209,-105.9,-1.233,98.1,2.171
2021,BE33,Liège,C1300,Orge,2.7,20.39,7.552,False,9.95,1003.9,671.8,14.19,551.9,511.4,-0.86,-1.475,139.8,1.098,-40.8,-0.759,-1.29,-2.134,120.6,1.404,-43.8,-0.97
2022,BE33,Liège,C1300,Orge,4.05,32.8,8.099,False,11.44,783.9,833.9,15.91,358.3,642.2,0.63,1.076,-80.2,-0.63,121.3,2.257,0.43,0.713,-73.0,-0.85,87.0,1.926
2023,BE33,Liège,C1300,Orge,4.07,32.12,7.892,False,11.4,1191.7,769.3,15.83,586.1,603.4,0.59,1.007,327.6,2.573,56.7,1.055,0.35,0.581,154.8,1.802,48.2,1.067
2024,BE33,Liège,C1300,Orge,3.64,22.67,6.228,False,11.24,1178.2,692.7,15.46,649.1,531.0,0.43,0.733,314.1,2.467,-19.9,-0.37,-0.02,-0.032,217.8,2.535,-24.2,-0.536
2000,BE34,Luxembourg,C1300,Orge,2.7,13.31,4.93,False,8.4,1178.6,572.2,12.74,602.5,460.2,-0.08,-0.115,118.9,0.852,-69.0,-1.227,-0.54,-0.739,104.1,1.225,-56.6,-1.116
2001,BE34,Luxembourg,C1300,Orge,2.9,14.9,5.138,False,7.92,1192.3,590.2,12.22,579.1,472.2,-0.56,-0.817,132.6,0.95,-51.0,-0.907,-1.06,-1.449,80.7,0.95,-44.6,-0.879
2002,BE34,Luxembourg,C1300,Orge,2.5,13.74,5.496,False,8.54,1149.0,610.8,12.76,427.7,484.0,0.06,0.09,89.3,0.64,-30.4,-0.541,-0.52,-0.711,-70.7,-0.832,-32.8,-0.647
2003,BE34,Luxembourg,C1300,Orge,2.8,14.63,5.225,False,8.4,841.3,729.9,14.22,432.4,588.2,-0.08,-0.115,-218.4,-1.565,88.7,1.577,0.94,1.284,-66.0,-0.777,71.4,1.41
2004,BE34,Luxembourg,C1300,Orge,2.4,12.34,5.142,False,7.69,941.6,615.5,12.6,516.3,490.8,-0.79,-1.154,-118.1,-0.847,-25.7,-0.457,-0.68,-0.93,17.9,0.21,-26.0,-0.512
2005,BE34,Luxembourg,C1300,Orge,2.4,12.56,5.233,False,8.08,801.3,635.7,13.2,432.3,507.8,-0.4,-0.583,-258.4,-1.852,-5.5,-0.098,-0.08,-0.11,-66.1,-0.778,-9.0,-0.177
2006,BE34,Luxembourg,C1300,Orge,2.4,12.54,5.225,False,8.56,1063.5,634.6,13.68,571.2,510.8,0.08,0.119,3.8,0.027,-6.6,-0.118,0.4,0.546,72.8,0.857,-6.0,-0.118
2007,BE34,Luxembourg,C1300,Orge,1.9,10.96,5.768,False,8.63,1178.1,605.7,13.15,593.7,482.1,0.15,0.222,118.4,0.848,-35.5,-0.632,-0.13,-0.178,95.3,1.122,-34.7,-0.684
2008,BE34,Luxembourg,C1300,Orge,2.4,13.8,5.75,False,7.91,1137.6,587.2,12.49,543.2,469.2,-0.57,-0.832,77.9,0.558,-54.0,-0.961,-0.79,-1.08,44.8,0.527,-47.6,-0.939
2009,BE34,Luxembourg,C1300,Orge,2.5,14.88,5.952,False,8.05,1049.5,623.9,13.44,504.4,511.1,-0.43,-0.627,-10.2,-0.073,-17.3,-0.308,0.16,0.218,6.0,0.07,-5.7,-0.112
2010,BE34,Luxembourg,C1300,Orge,2.1,11.46,5.457,False,6.87,970.0,617.1,12.46,489.2,498.2,-1.61,-2.354,-89.7,-0.643,-24.1,-0.429,-0.82,-1.121,-9.2,-0.108,-18.6,-0.366
2011,BE34,Luxembourg,C1300,Orge,2.0,8.99,4.495,False,8.91,892.2,663.7,13.59,458.4,527.4,0.43,0.632,-167.5,-1.201,22.5,0.4,0.31,0.423,-40.0,-0.471,10.6,0.21
2012,BE34,Luxembourg,C1300,Orge,1.7,9.9,5.824,False,8.0,1131.2,603.3,12.54,609.1,472.8,-0.48,-0.7,71.5,0.512,-37.9,-0.674,-0.74,-1.012,110.7,1.303,-44.0,-0.868
2013,BE34,Luxembourg,C1300,Orge,2.3,14.48,6.296,False,7.44,1005.1,586.1,12.58,524.2,475.2,-1.04,-1.52,-54.6,-0.392,-55.1,-0.98,-0.7,-0.957,25.8,0.303,-41.6,-0.82
2014,BE34,Luxembourg,C1300,Orge,2.65,16.49,6.223,False,9.21,1010.0,626.5,13.29,505.1,493.8,0.73,1.071,-49.7,-0.356,-14.7,-0.262,0.01,0.013,6.7,0.079,-23.0,-0.453
2015,BE34,Luxembourg,C1300,Orge,3.01,19.13,6.355,False,8.69,918.0,654.0,13.22,457.7,538.1,0.21,0.31,-141.7,-1.016,12.8,0.227,-0.06,-0.083,-40.7,-0.479,21.3,0.421
2016,BE34,Luxembourg,C1300,Orge,3.29,15.53,4.72,False,8.32,1068.7,602.5,13.49,547.9,486.9,-0.16,-0.232,9.0,0.064,-38.7,-0.688,0.21,0.286,49.5,0.582,-29.9,-0.589
2017,BE34,Luxembourg,C1300,Orge,2.58,14.9,5.775,False,8.45,977.5,625.5,13.21,449.4,501.3,-0.03,-0.042,-82.2,-0.589,-15.7,-0.28,-0.07,-0.096,-49.0,-0.577,-15.5,-0.305
2018,BE34,Luxembourg,C1300,Orge,2.56,14.94,5.836,False,9.36,931.1,748.7,15.12,343.1,613.2,0.88,1.29,-128.6,-0.922,107.5,1.911,1.84,2.514,-155.3,-1.828,96.4,1.903
2019,BE34,Luxembourg,C1300,Orge,2.73,16.82,6.161,False,8.97,1185.0,703.1,13.66,426.3,575.4,0.49,0.719,125.3,0.898,61.9,1.1,0.38,0.519,-72.1,-0.849,58.6,1.157
2020,BE34,Luxembourg,C1300,Orge,2.62,14.07,5.37,False,9.6,1181.9,742.6,14.43,348.2,623.1,1.12,1.641,122.2,0.875,101.4,1.803,1.15,1.571,-150.2,-1.768,106.3,2.098
2021,BE34,Luxembourg,C1300,Orge,2.12,11.03,5.203,False,7.94,1125.2,603.9,12.33,582.3,476.1,-0.54,-0.788,65.5,0.469,-37.3,-0.664,-0.95,-1.299,83.9,0.987,-40.7,-0.802
2022,BE34,Luxembourg,C1300,Orge,2.92,16.9,5.788,False,9.53,929.7,768.7,14.18,373.6,618.6,1.05,1.539,-130.0,-0.932,127.5,2.267,0.9,1.23,-124.8,-1.469,101.8,2.009
2023,BE34,Luxembourg,C1300,Orge,2.66,13.32,5.008,False,9.36,1271.8,681.6,14.02,473.9,564.0,0.88,1.29,212.1,1.52,40.4,0.718,0.74,1.011,-24.5,-0.289,47.2,0.932
2024,BE34,Luxembourg,C1300,Orge,2.97,14.65,4.933,False,9.13,1363.3,597.5,13.39,669.2,478.6,0.65,0.954,303.6,2.175,-43.7,-0.777,0.11,0.15,170.8,2.01,-38.2,-0.753
2000,BE35,Namur,C1300,Orge,12.3,84.31,6.854,False,10.82,958.0,652.5,14.91,554.0,497.5,0.12,0.211,121.7,0.964,-61.7,-1.212,-0.38,-0.631,137.2,1.593,-58.6,-1.303
2001,BE35,Namur,C1300,Orge,12.8,94.73,7.401,False,10.36,991.4,676.9,14.64,488.3,530.5,-0.34,-0.628,155.1,1.228,-37.3,-0.732,-0.65,-1.086,71.5,0.83,-25.6,-0.569
2002,BE35,Namur,C1300,Orge,12.1,95.06,7.856,False,10.97,966.3,674.4,14.94,426.1,509.7,0.27,0.484,130.0,1.029,-39.8,-0.782,-0.35,-0.581,9.3,0.108,-46.4,-1.032
2003,BE35,Namur,C1300,Orge,8.9,56.13,6.307,False,10.85,652.7,793.9,16.33,346.6,625.0,0.15,0.265,-183.6,-1.454,79.7,1.567,1.04,1.758,-70.2,-0.815,68.9,1.532
2004,BE35,Namur,C1300,Orge,9.9,81.12,8.194,False,10.28,733.5,700.0,14.99,388.5,540.9,-0.42,-0.773,-102.8,-0.815,-14.2,-0.278,-0.3,-0.497,-28.3,-0.329,-15.2,-0.338
2005,BE35,Namur,C1300,Orge,10.6,81.61,7.699,False,10.66,672.3,705.8,15.32,381.8,544.4,-0.04,-0.081,-164.0,-1.299,-8.4,-0.164,0.03,0.059,-35.0,-0.406,-11.7,-0.26
2006,BE35,Namur,C1300,Orge,12.2,90.64,7.43,False,10.94,785.5,705.9,15.93,423.6,550.0,0.24,0.429,-50.8,-0.403,-8.3,-0.162,0.64,1.085,6.8,0.079,-6.1,-0.136
2007,BE35,Namur,C1300,Orge,11.7,90.88,7.768,False,11.02,885.3,682.3,15.4,475.2,528.4,0.32,0.575,49.0,0.388,-31.9,-0.626,0.11,0.193,58.4,0.678,-27.7,-0.616
2008,BE35,Namur,C1300,Orge,13.1,100.69,7.686,False,10.37,839.3,670.8,14.77,436.4,517.7,-0.33,-0.609,3.0,0.023,-43.4,-0.852,-0.52,-0.867,19.6,0.227,-38.4,-0.854
2009,BE35,Namur,C1300,Orge,13.0,108.37,8.336,False,10.45,804.3,708.1,15.61,375.7,561.5,-0.25,-0.464,-32.0,-0.254,-6.1,-0.119,0.32,0.547,-41.1,-0.477,5.4,0.12
2010,BE35,Namur,C1300,Orge,10.6,87.0,8.208,False,9.26,823.9,689.1,14.68,424.8,546.6,-1.44,-2.632,-12.4,-0.099,-25.1,-0.493,-0.61,-1.018,8.0,0.093,-9.5,-0.211
2011,BE35,Namur,C1300,Orge,11.0,84.9,7.718,False,11.27,716.5,734.2,15.76,397.1,570.2,0.57,1.031,-119.8,-0.949,20.0,0.394,0.47,0.799,-19.7,-0.229,14.1,0.313
2012,BE35,Namur,C1300,Orge,11.2,86.9,7.759,False,10.35,880.7,677.6,14.71,460.9,522.7,-0.35,-0.646,44.4,0.351,-36.6,-0.719,-0.58,-0.968,44.1,0.512,-33.4,-0.743
2013,BE35,Namur,C1300,Orge,11.0,87.3,7.936,False,9.83,742.0,669.4,14.79,349.6,524.2,-0.87,-1.594,-94.3,-0.747,-44.8,-0.88,-0.5,-0.833,-67.2,-0.78,-31.9,-0.71
2014,BE35,Namur,C1300,Orge,11.71,99.92,8.533,False,11.62,826.3,701.9,15.48,441.4,526.6,0.92,1.669,-10.0,-0.08,-12.3,-0.241,0.19,0.328,24.6,0.286,-29.5,-0.656
2015,BE35,Namur,C1300,Orge,11.39,98.1,8.613,False,11.0,734.9,724.8,15.12,352.8,570.1,0.3,0.539,-101.4,-0.803,10.6,0.209,-0.17,-0.278,-64.0,-0.743,14.0,0.311
2016,BE35,Namur,C1300,Orge,12.76,73.51,5.761,False,10.76,839.1,679.6,15.76,425.7,533.4,0.06,0.101,2.8,0.022,-34.6,-0.679,0.47,0.799,8.9,0.103,-22.7,-0.505
2017,BE35,Namur,C1300,Orge,10.01,86.42,8.633,False,10.44,807.0,700.4,14.93,408.0,541.3,-0.26,-0.482,-29.3,-0.232,-13.8,-0.27,-0.36,-0.598,-8.8,-0.102,-14.8,-0.329
2018,BE35,Namur,C1300,Orge,9.58,73.71,7.694,False,11.07,686.1,812.1,16.6,264.7,646.6,0.37,0.666,-150.2,-1.19,97.9,1.925,1.31,2.213,-152.1,-1.766,90.5,2.012
2019,BE35,Namur,C1300,Orge,10.93,90.72,8.3,False,10.7,841.9,755.5,15.13,331.7,594.0,-0.0,-0.008,5.6,0.044,41.3,0.813,-0.16,-0.261,-85.1,-0.988,37.9,0.842
2020,BE35,Namur,C1300,Orge,10.66,76.02,7.131,False,11.38,833.9,811.6,15.96,304.4,650.8,0.68,1.231,-2.4,-0.019,97.4,1.915,0.67,1.136,-112.4,-1.305,94.7,2.105
2021,BE35,Namur,C1300,Orge,8.43,63.34,7.514,False,9.73,1038.2,660.6,13.95,592.7,507.5,-0.97,-1.776,201.9,1.599,-53.6,-1.053,-1.34,-2.247,175.9,2.042,-48.6,-1.081
2022,BE35,Namur,C1300,Orge,10.56,77.87,7.374,False,11.26,678.1,828.0,15.68,281.4,640.0,0.56,1.013,-158.2,-1.253,113.8,2.238,0.39,0.664,-135.4,-1.572,83.9,1.865
2023,BE35,Namur,C1300,Orge,10.5,79.12,7.535,False,11.2,1073.5,758.2,15.56,494.9,597.7,0.5,0.903,237.2,1.878,44.0,0.866,0.27,0.462,78.1,0.907,41.6,0.925
2024,BE35,Namur,C1300,Orge,10.53,62.62,5.947,False,11.02,1097.8,680.4,15.18,593.9,525.5,0.32,0.575,261.5,2.071,-33.8,-0.664,-0.11,-0.177,177.1,2.056,-30.6,-0.681
2011,BE3,Wallonie,C1310,Orge d'hiver,29.0,234.73,8.094,False,10.814,722.26,720.1800000000001,15.306,381.76,561.0,0.48,0.801,-150.1,-1.198,17.3,0.325,0.37,0.587,-45.0,-0.571,11.0,0.237
2012,BE3,Wallonie,C1310,Orge d'hiver,30.5,249.9,8.193,False,9.886,912.44,664.6800000000001,14.278,467.02,514.48,-0.45,-0.755,40.1,0.32,-38.2,-0.719,-0.66,-1.05,40.3,0.512,-35.5,-0.763
2013,BE3,Wallonie,C1310,Orge d'hiver,30.8,263.73,8.563,False,9.378,787.2,654.96,14.346,376.98,515.76,-0.96,-1.606,-85.2,-0.68,-47.9,-0.902,-0.59,-0.942,-49.7,-0.632,-34.2,-0.735
2014,BE3,Wallonie,C1310,Orge d'hiver,31.28,273.66,8.749,False,11.146,862.46,686.1600000000001,15.03,461.18,517.3799999999999,0.81,1.358,-9.9,-0.079,-16.7,-0.315,0.09,0.147,34.5,0.438,-32.6,-0.7
2015,BE3,Wallonie,C1310,Orge d'hiver,30.21,277.97,9.201,False,10.553999999999998,767.76,714.4,14.742,367.0,565.86,0.22,0.365,-104.6,-0.835,11.5,0.216,-0.2,-0.311,-59.7,-0.759,15.9,0.341
2016,BE3,Wallonie,C1310,Orge d'hiver,35.5,218.48,6.154,False,10.303999999999998,875.8800000000001,667.1,15.303999999999998,448.52,525.7,-0.03,-0.054,3.5,0.028,-35.8,-0.673,0.37,0.584,21.8,0.277,-24.3,-0.522
2017,BE3,Wallonie,C1310,Orge d'hiver,28.0,239.92,8.569,False,10.248,839.9,693.6,14.76,410.08,538.64,-0.09,-0.148,-32.5,-0.259,-9.3,-0.175,-0.18,-0.283,-16.6,-0.211,-11.3,-0.243
2018,BE3,Wallonie,C1310,Orge d'hiver,24.86,192.95,7.761,False,10.88,731.7,800.5,16.410000000000004,283.42,639.1200000000001,0.54,0.912,-140.7,-1.123,97.6,1.835,1.47,2.345,-143.3,-1.821,89.1,1.916
2019,BE3,Wallonie,C1310,Orge d'hiver,28.05,244.04,8.7,False,10.55,902.66,751.4,15.0,353.76,593.9399999999999,0.21,0.359,30.3,0.242,48.5,0.912,0.06,0.1,-73.0,-0.927,44.0,0.945
2020,BE3,Wallonie,C1310,Orge d'hiver,25.18,192.65,7.651,False,11.222,887.3399999999999,806.98,15.786,316.54,648.02,0.89,1.485,15.0,0.119,104.1,1.957,0.85,1.351,-110.2,-1.4,98.0,2.107
2021,BE3,Wallonie,C1310,Orge d'hiver,21.79,174.03,7.987,False,9.574000000000002,1036.44,657.0,13.791999999999998,558.64,506.0,-0.76,-1.278,164.1,1.31,-45.9,-0.863,-1.15,-1.824,131.9,1.677,-44.0,-0.945
2022,BE3,Wallonie,C1310,Orge d'hiver,26.34,215.17,8.169,False,11.13,758.48,827.3,15.614,331.98,644.08,0.79,1.331,-113.9,-0.909,124.4,2.34,0.68,1.077,-94.7,-1.204,94.1,2.022
2023,BE3,Wallonie,C1310,Orge d'hiver,27.83,224.37,8.062,False,11.052,1122.16,752.1600000000001,15.448000000000002,501.66,595.6800000000001,0.72,1.2,249.8,1.994,49.3,0.926,0.51,0.813,74.9,0.953,45.7,0.982
2024,BE3,Wallonie,C1310,Orge d'hiver,27.26,174.72,6.409,False,10.844,1158.24,672.3399999999999,14.998,609.2,522.14,0.51,0.851,285.9,2.282,-30.6,-0.575,0.06,0.096,182.5,2.32,-27.8,-0.598
2011,BE31,Brabant wallon,C1310,Orge d'hiver,4.0,29.97,7.492,False,11.04,666.2,734.1,15.42,365.2,567.9,0.4,0.646,-132.6,-1.074,13.0,0.244,0.28,0.435,-34.5,-0.421,8.6,0.181
2012,BE31,Brabant wallon,C1310,Orge d'hiver,4.4,35.4,8.045,False,10.12,849.7,681.8,14.42,433.8,525.8,-0.52,-0.843,50.9,0.412,-39.3,-0.736,-0.72,-1.126,34.1,0.417,-33.5,-0.71
2013,BE31,Brabant wallon,C1310,Orge d'hiver,4.5,41.22,9.16,False,9.64,717.2,677.1,14.53,326.7,528.5,-1.0,-1.619,-81.6,-0.661,-44.0,-0.824,-0.61,-0.955,-73.0,-0.891,-30.8,-0.653
2014,BE31,Brabant wallon,C1310,Orge d'hiver,4.34,37.94,8.742,False,11.38,836.2,701.5,15.18,464.0,520.9,0.74,1.196,37.4,0.303,-19.6,-0.366,0.04,0.061,64.3,0.786,-38.4,-0.814
2015,BE31,Brabant wallon,C1310,Orge d'hiver,4.03,39.1,9.702,False,10.78,705.6,731.3,14.8,346.3,570.7,0.14,0.225,-93.2,-0.755,10.2,0.192,-0.34,-0.533,-53.4,-0.652,11.4,0.241
2016,BE31,Brabant wallon,C1310,Orge d'hiver,4.56,29.97,6.572,False,10.6,804.5,688.5,15.5,414.5,537.0,-0.04,-0.066,5.7,0.046,-32.6,-0.61,0.36,0.56,14.8,0.181,-22.3,-0.473
2017,BE31,Brabant wallon,C1310,Orge d'hiver,3.45,29.87,8.658,False,10.7,764.6,716.7,15.08,385.5,552.0,0.06,0.096,-34.2,-0.277,-4.4,-0.082,-0.06,-0.096,-14.2,-0.173,-7.3,-0.156
2018,BE31,Brabant wallon,C1310,Orge d'hiver,2.98,23.82,7.993,False,11.23,628.9,818.3,16.67,237.0,651.0,0.59,0.953,-169.9,-1.376,97.2,1.822,1.53,2.388,-162.7,-1.986,91.7,1.941
2019,BE31,Brabant wallon,C1310,Orge d'hiver,3.26,30.36,9.313,False,10.93,796.4,768.9,15.28,326.5,603.9,0.29,0.468,-2.4,-0.019,47.8,0.896,0.14,0.217,-73.2,-0.893,44.6,0.944
2020,BE31,Brabant wallon,C1310,Orge d'hiver,2.75,23.54,8.56,False,11.58,781.9,826.7,16.0,296.1,656.8,0.94,1.52,-16.9,-0.137,105.6,1.979,0.86,1.341,-103.6,-1.265,97.5,2.064
2021,BE31,Brabant wallon,C1310,Orge d'hiver,2.7,24.03,8.9,False,9.96,1003.0,670.1,14.08,553.8,513.9,-0.68,-1.102,204.2,1.654,-51.0,-0.955,-1.06,-1.657,154.1,1.882,-45.4,-0.963
2022,BE31,Brabant wallon,C1310,Orge d'hiver,3.17,29.18,9.205,False,11.53,687.5,850.6,15.96,314.1,658.6,0.89,1.439,-111.3,-0.902,129.5,2.427,0.82,1.279,-85.6,-1.045,99.3,2.102
2023,BE31,Brabant wallon,C1310,Orge d'hiver,3.28,27.46,8.372,False,11.47,1005.1,774.7,15.78,455.8,608.7,0.83,1.342,206.3,1.671,53.6,1.005,0.64,0.998,56.1,0.686,49.4,1.045
2024,BE31,Brabant wallon,C1310,Orge d'hiver,3.16,22.33,7.066,False,11.23,1070.4,690.0,15.32,563.5,533.6,0.59,0.953,271.6,2.2,-31.1,-0.582,0.18,0.279,163.8,2.001,-25.7,-0.545
2011,BE32,Hainaut,C1310,Orge d'hiver,9.0,73.91,8.212,False,11.51,622.7,740.4,15.81,305.9,573.2,0.46,0.782,-180.2,-1.374,14.9,0.281,0.31,0.496,-81.5,-1.054,10.8,0.235
2012,BE32,Hainaut,C1310,Orge d'hiver,9.2,79.9,8.685,False,10.52,829.5,684.1,14.76,413.9,526.1,-0.53,-0.885,26.6,0.203,-41.4,-0.781,-0.74,-1.192,26.5,0.343,-36.3,-0.791
2013,BE32,Hainaut,C1310,Orge d'hiver,9.2,82.75,8.995,False,10.08,725.5,676.8,14.86,328.2,528.2,-0.97,-1.627,-77.4,-0.59,-48.7,-0.919,-0.64,-1.032,-59.2,-0.765,-34.2,-0.745
2014,BE32,Hainaut,C1310,Orge d'hiver,9.27,83.76,9.036,False,11.76,794.8,705.0,15.55,413.1,524.3,0.71,1.203,-8.1,-0.062,-20.5,-0.387,0.05,0.078,25.7,0.333,-38.1,-0.83
2015,BE32,Hainaut,C1310,Orge d'hiver,9.39,89.83,9.567,False,11.22,677.3,740.2,15.25,298.8,579.4,0.17,0.294,-125.6,-0.958,14.7,0.278,-0.25,-0.405,-88.6,-1.145,17.0,0.37
2016,BE32,Hainaut,C1310,Orge d'hiver,11.11,71.82,6.464,False,11.01,793.6,693.4,15.85,401.1,540.3,-0.04,-0.06,-9.3,-0.071,-32.1,-0.605,0.35,0.56,13.7,0.178,-22.1,-0.482
2017,BE32,Hainaut,C1310,Orge d'hiver,9.15,79.63,8.703,False,11.07,752.6,728.1,15.45,342.9,562.8,0.02,0.041,-50.3,-0.383,2.6,0.049,-0.05,-0.083,-44.5,-0.575,0.4,0.008
2018,BE32,Hainaut,C1310,Orge d'hiver,7.97,64.09,8.041,False,11.57,692.9,821.1,16.9,278.0,651.1,0.52,0.883,-110.0,-0.839,95.6,1.804,1.4,2.248,-109.4,-1.414,88.7,1.93
2019,BE32,Hainaut,C1310,Orge d'hiver,9.14,83.36,9.12,False,11.22,851.2,764.3,15.47,338.1,596.9,0.17,0.294,48.3,0.369,38.8,0.732,-0.03,-0.051,-49.3,-0.637,34.5,0.75
2020,BE32,Hainaut,C1310,Orge d'hiver,8.14,64.84,7.966,False,11.93,815.0,828.2,16.33,308.6,656.1,0.88,1.49,12.1,0.092,102.7,1.938,0.83,1.332,-78.8,-1.019,93.7,2.039
2021,BE32,Hainaut,C1310,Orge d'hiver,7.47,62.52,8.369,False,10.29,1011.9,678.6,14.41,512.5,521.1,-0.76,-1.273,209.0,1.594,-46.9,-0.885,-1.09,-1.755,125.1,1.618,-41.3,-0.899
2022,BE32,Hainaut,C1310,Orge d'hiver,8.93,75.13,8.413,False,11.89,713.2,855.3,16.34,332.5,661.0,0.84,1.422,-89.7,-0.684,129.8,2.449,0.84,1.348,-54.9,-0.71,98.6,2.146
2023,BE32,Hainaut,C1310,Orge d'hiver,9.56,80.8,8.452,False,11.83,1068.7,777.0,16.05,497.6,604.6,0.78,1.321,265.8,2.027,51.5,0.972,0.55,0.882,110.2,1.426,42.2,0.918
2024,BE32,Hainaut,C1310,Orge d'hiver,9.03,61.23,6.781,False,11.6,1081.5,701.1,15.64,570.3,542.0,0.55,0.934,278.6,2.125,-24.4,-0.46,0.14,0.223,182.9,2.366,-20.4,-0.445
2011,BE33,Liège,C1310,Orge d'hiver,5.0,41.95,8.39,False,11.34,713.7,728.5,15.95,382.2,566.3,0.53,0.905,-150.4,-1.182,15.9,0.296,0.47,0.779,-49.1,-0.572,11.1,0.245
2012,BE33,Liège,C1310,Orge d'hiver,5.1,43.9,8.608,False,10.44,871.1,676.6,14.96,417.4,525.0,-0.37,-0.636,7.0,0.055,-36.0,-0.67,-0.52,-0.859,-13.9,-0.162,-30.2,-0.669
2013,BE33,Liège,C1310,Orge d'hiver,5.3,47.2,8.906,False,9.9,746.2,665.4,14.97,356.2,522.7,-0.91,-1.561,-117.9,-0.926,-47.2,-0.879,-0.51,-0.843,-75.1,-0.874,-32.5,-0.72
2014,BE33,Liège,C1310,Orge d'hiver,4.98,44.94,9.024,False,11.76,845.0,695.9,15.65,482.3,521.3,0.95,1.624,-19.1,-0.15,-16.7,-0.311,0.17,0.283,51.0,0.594,-33.9,-0.751
2015,BE33,Liège,C1310,Orge d'hiver,4.44,42.21,9.507,False,11.08,803.0,721.7,15.32,379.4,571.0,0.27,0.459,-61.1,-0.48,9.1,0.169,-0.16,-0.263,-51.9,-0.604,15.8,0.349
2016,BE33,Liège,C1310,Orge d'hiver,5.24,33.98,6.485,False,10.83,873.5,671.5,15.92,453.4,530.9,0.02,0.032,9.4,0.074,-41.1,-0.765,0.44,0.729,22.1,0.257,-24.3,-0.538
2017,BE33,Liège,C1310,Orge d'hiver,4.03,34.73,8.618,False,10.58,897.8,697.3,15.13,464.6,535.8,-0.23,-0.396,33.7,0.265,-15.3,-0.285,-0.35,-0.578,33.3,0.388,-19.4,-0.43
2018,BE33,Liège,C1310,Orge d'hiver,3.14,23.61,7.519,False,11.17,719.5,802.3,16.76,294.3,633.7,0.36,0.614,-144.6,-1.136,89.7,1.669,1.28,2.12,-137.0,-1.595,78.5,1.737
2019,BE33,Liège,C1310,Orge d'hiver,3.49,30.48,8.734,False,10.93,838.8,765.2,15.46,346.2,599.5,0.12,0.203,-25.3,-0.199,52.6,0.979,-0.02,-0.032,-85.1,-0.991,44.3,0.98
2020,BE33,Liège,C1310,Orge d'hiver,2.81,22.8,8.114,False,11.62,824.0,825.8,16.21,325.4,653.3,0.81,1.384,-40.1,-0.315,113.2,2.107,0.73,1.209,-105.9,-1.233,98.1,2.171
2021,BE33,Liège,C1310,Orge d'hiver,2.43,19.03,7.831,False,9.95,1003.9,671.8,14.19,551.9,511.4,-0.86,-1.475,139.8,1.098,-40.8,-0.759,-1.29,-2.134,120.6,1.404,-43.8,-0.97
2022,BE33,Liège,C1310,Orge d'hiver,3.32,28.66,8.633,False,11.44,783.9,833.9,15.91,358.3,642.2,0.63,1.076,-80.2,-0.63,121.3,2.257,0.43,0.713,-73.0,-0.85,87.0,1.926
2023,BE33,Liège,C1310,Orge d'hiver,3.43,29.4,8.571,False,11.4,1191.7,769.3,15.83,586.1,603.4,0.59,1.007,327.6,2.573,56.7,1.055,0.35,0.581,154.8,1.802,48.2,1.067
2024,BE33,Liège,C1310,Orge d'hiver,3.25,20.87,6.422,False,11.24,1178.2,692.7,15.46,649.1,531.0,0.43,0.733,314.1,2.467,-19.9,-0.37,-0.02,-0.032,217.8,2.535,-24.2,-0.536
2011,BE34,Luxembourg,C1310,Orge d'hiver,1.0,5.99,5.99,False,8.91,892.2,663.7,13.59,458.4,527.4,0.43,0.632,-167.5,-1.201,22.5,0.4,0.31,0.423,-40.0,-0.471,10.6,0.21
2012,BE34,Luxembourg,C1310,Orge d'hiver,0.9,5.8,6.444,False,8.0,1131.2,603.3,12.54,609.1,472.8,-0.48,-0.7,71.5,0.512,-37.9,-0.674,-0.74,-1.012,110.7,1.303,-44.0,-0.868
2013,BE34,Luxembourg,C1310,Orge d'hiver,1.2,8.3,6.917,False,7.44,1005.1,586.1,12.58,524.2,475.2,-1.04,-1.52,-54.6,-0.392,-55.1,-0.98,-0.7,-0.957,25.8,0.303,-41.6,-0.82
2014,BE34,Luxembourg,C1310,Orge d'hiver,1.37,9.45,6.898,False,9.21,1010.0,626.5,13.29,505.1,493.8,0.73,1.071,-49.7,-0.356,-14.7,-0.262,0.01,0.013,6.7,0.079,-23.0,-0.453
2015,BE34,Luxembourg,C1310,Orge d'hiver,1.48,11.05,7.466,False,8.69,918.0,654.0,13.22,457.7,538.1,0.21,0.31,-141.7,-1.016,12.8,0.227,-0.06,-0.083,-40.7,-0.479,21.3,0.421
2016,BE34,Luxembourg,C1310,Orge d'hiver,2.07,10.21,4.932,False,8.32,1068.7,602.5,13.49,547.9,486.9,-0.16,-0.232,9.0,0.064,-38.7,-0.688,0.21,0.286,49.5,0.582,-29.9,-0.589
2017,BE34,Luxembourg,C1310,Orge d'hiver,1.57,10.35,6.592,False,8.45,977.5,625.5,13.21,449.4,501.3,-0.03,-0.042,-82.2,-0.589,-15.7,-0.28,-0.07,-0.096,-49.0,-0.577,-15.5,-0.305
2018,BE34,Luxembourg,C1310,Orge d'hiver,1.57,9.28,5.911,False,9.36,931.1,748.7,15.12,343.1,613.2,0.88,1.29,-128.6,-0.922,107.5,1.911,1.84,2.514,-155.3,-1.828,96.4,1.903
2019,BE34,Luxembourg,C1310,Orge d'hiver,1.71,11.75,6.871,False,8.97,1185.0,703.1,13.66,426.3,575.4,0.49,0.719,125.3,0.898,61.9,1.1,0.38,0.519,-72.1,-0.849,58.6,1.157
2020,BE34,Luxembourg,C1310,Orge d'hiver,1.46,8.19,5.61,False,9.6,1181.9,742.6,14.43,348.2,623.1,1.12,1.641,122.2,0.875,101.4,1.803,1.15,1.571,-150.2,-1.768,106.3,2.098
2021,BE34,Luxembourg,C1310,Orge d'hiver,1.18,7.29,6.178,False,7.94,1125.2,603.9,12.33,582.3,476.1,-0.54,-0.788,65.5,0.469,-37.3,-0.664,-0.95,-1.299,83.9,0.987,-40.7,-0.802
2022,BE34,Luxembourg,C1310,Orge d'hiver,1.29,8.81,6.829,False,9.53,929.7,768.7,14.18,373.6,618.6,1.05,1.539,-130.0,-0.932,127.5,2.267,0.9,1.23,-124.8,-1.469,101.8,2.009
2023,BE34,Luxembourg,C1310,Orge d'hiver,1.49,9.55,6.409,False,9.36,1271.8,681.6,14.02,473.9,564.0,0.88,1.29,212.1,1.52,40.4,0.718,0.74,1.011,-24.5,-0.289,47.2,0.932
2024,BE34,Luxembourg,C1310,Orge d'hiver,2.02,10.78,5.337,False,9.13,1363.3,597.5,13.39,669.2,478.6,0.65,0.954,303.6,2.175,-43.7,-0.777,0.11,0.15,170.8,2.01,-38.2,-0.753
2011,BE35,Namur,C1310,Orge d'hiver,10.0,82.9,8.29,False,11.27,716.5,734.2,15.76,397.1,570.2,0.57,1.031,-119.8,-0.949,20.0,0.394,0.47,0.799,-19.7,-0.229,14.1,0.313
2012,BE35,Namur,C1310,Orge d'hiver,10.9,84.9,7.789,False,10.35,880.7,677.6,14.71,460.9,522.7,-0.35,-0.646,44.4,0.351,-36.6,-0.719,-0.58,-0.968,44.1,0.512,-33.4,-0.743
2013,BE35,Namur,C1310,Orge d'hiver,10.5,84.26,8.025,False,9.83,742.0,669.4,14.79,349.6,524.2,-0.87,-1.594,-94.3,-0.747,-44.8,-0.88,-0.5,-0.833,-67.2,-0.78,-31.9,-0.71
2014,BE35,Namur,C1310,Orge d'hiver,11.32,97.56,8.618,False,11.62,826.3,701.9,15.48,441.4,526.6,0.92,1.669,-10.0,-0.08,-12.3,-0.241,0.19,0.328,24.6,0.286,-29.5,-0.656
2015,BE35,Namur,C1310,Orge d'hiver,10.88,95.79,8.804,False,11.0,734.9,724.8,15.12,352.8,570.1,0.3,0.539,-101.4,-0.803,10.6,0.209,-0.17,-0.278,-64.0,-0.743,14.0,0.311
2016,BE35,Namur,C1310,Orge d'hiver,12.53,72.51,5.787,False,10.76,839.1,679.6,15.76,425.7,533.4,0.06,0.101,2.8,0.022,-34.6,-0.679,0.47,0.799,8.9,0.103,-22.7,-0.505
2017,BE35,Namur,C1310,Orge d'hiver,9.8,85.34,8.708,False,10.44,807.0,700.4,14.93,408.0,541.3,-0.26,-0.482,-29.3,-0.232,-13.8,-0.27,-0.36,-0.598,-8.8,-0.102,-14.8,-0.329
2018,BE35,Namur,C1310,Orge d'hiver,9.2,72.15,7.842,False,11.07,686.1,812.1,16.6,264.7,646.6,0.37,0.666,-150.2,-1.19,97.9,1.925,1.31,2.213,-152.1,-1.766,90.5,2.012
2019,BE35,Namur,C1310,Orge d'hiver,10.44,88.08,8.437,False,10.7,841.9,755.5,15.13,331.7,594.0,-0.0,-0.008,5.6,0.044,41.3,0.813,-0.16,-0.261,-85.1,-0.988,37.9,0.842
2020,BE35,Namur,C1310,Orge d'hiver,10.02,73.29,7.314,False,11.38,833.9,811.6,15.96,304.4,650.8,0.68,1.231,-2.4,-0.019,97.4,1.915,0.67,1.136,-112.4,-1.305,94.7,2.105
2021,BE35,Namur,C1310,Orge d'hiver,8.0,61.15,7.644,False,9.73,1038.2,660.6,13.95,592.7,507.5,-0.97,-1.776,201.9,1.599,-53.6,-1.053,-1.34,-2.247,175.9,2.042,-48.6,-1.081
2022,BE35,Namur,C1310,Orge d'hiver,9.64,73.38,7.612,False,11.26,678.1,828.0,15.68,281.4,640.0,0.56,1.013,-158.2,-1.253,113.8,2.238,0.39,0.664,-135.4,-1.572,83.9,1.865
2023,BE35,Namur,C1310,Orge d'hiver,10.07,77.18,7.664,False,11.2,1073.5,758.2,15.56,494.9,597.7,0.5,0.903,237.2,1.878,44.0,0.866,0.27,0.462,78.1,0.907,41.6,0.925
2024,BE35,Namur,C1310,Orge d'hiver,9.82,59.51,6.06,False,11.02,1097.8,680.4,15.18,593.9,525.5,0.32,0.575,261.5,2.071,-33.8,-0.664,-0.11,-0.177,177.1,2.056,-30.6,-0.681
2011,BE3,Wallonie,C1500,Maïs grain,7.0,70.5,10.071,False,10.814,722.26,720.1800000000001,15.306,381.76,561.0,0.48,0.801,-150.1,-1.198,17.3,0.325,0.37,0.587,-45.0,-0.571,11.0,0.237
2012,BE3,Wallonie,C1500,Maïs grain,6.3,53.75,8.532,False,9.886,912.44,664.6800000000001,14.278,467.02,514.48,-0.45,-0.755,40.1,0.32,-38.2,-0.719,-0.66,-1.05,40.3,0.512,-35.5,-0.763
2013,BE3,Wallonie,C1500,Maïs grain,7.9,65.17,8.249,False,9.378,787.2,654.96,14.346,376.98,515.76,-0.96,-1.606,-85.2,-0.68,-47.9,-0.902,-0.59,-0.942,-49.7,-0.632,-34.2,-0.735
2014,BE3,Wallonie,C1500,Maïs grain,4.94,50.08,10.138,False,11.146,862.46,686.1600000000001,15.03,461.18,517.3799999999999,0.81,1.358,-9.9,-0.079,-16.7,-0.315,0.09,0.147,34.5,0.438,-32.6,-0.7
2015,BE3,Wallonie,C1500,Maïs grain,5.99,56.47,9.427,False,10.553999999999998,767.76,714.4,14.742,367.0,565.86,0.22,0.365,-104.6,-0.835,11.5,0.216,-0.2,-0.311,-59.7,-0.759,15.9,0.341
2016,BE3,Wallonie,C1500,Maïs grain,4.68,37.08,7.923,False,10.303999999999998,875.8800000000001,667.1,15.303999999999998,448.52,525.7,-0.03,-0.054,3.5,0.028,-35.8,-0.673,0.37,0.584,21.8,0.277,-24.3,-0.522
2017,BE3,Wallonie,C1500,Maïs grain,4.74,44.27,9.34,False,10.248,839.9,693.6,14.76,410.08,538.64,-0.09,-0.148,-32.5,-0.259,-9.3,-0.175,-0.18,-0.283,-16.6,-0.211,-11.3,-0.243
2018,BE3,Wallonie,C1500,Maïs grain,5.6,41.44,7.4,False,10.88,731.7,800.5,16.410000000000004,283.42,639.1200000000001,0.54,0.912,-140.7,-1.123,97.6,1.835,1.47,2.345,-143.3,-1.821,89.1,1.916
2019,BE3,Wallonie,C1500,Maïs grain,5.57,48.46,8.7,False,10.55,902.66,751.4,15.0,353.76,593.9399999999999,0.21,0.359,30.3,0.242,48.5,0.912,0.06,0.1,-73.0,-0.927,44.0,0.945
2020,BE3,Wallonie,C1500,Maïs grain,7.15,53.03,7.417,False,11.222,887.3399999999999,806.98,15.786,316.54,648.02,0.89,1.485,15.0,0.119,104.1,1.957,0.85,1.351,-110.2,-1.4,98.0,2.107
2021,BE3,Wallonie,C1500,Maïs grain,7.23,63.87,8.834,False,9.574000000000002,1036.44,657.0,13.791999999999998,558.64,506.0,-0.76,-1.278,164.1,1.31,-45.9,-0.863,-1.15,-1.824,131.9,1.677,-44.0,-0.945
2022,BE3,Wallonie,C1500,Maïs grain,10.45,85.34,8.167,False,11.13,758.48,827.3,15.614,331.98,644.08,0.79,1.331,-113.9,-0.909,124.4,2.34,0.68,1.077,-94.7,-1.204,94.1,2.022
2023,BE3,Wallonie,C1500,Maïs grain,6.93,59.39,8.57,False,11.052,1122.16,752.1600000000001,15.448000000000002,501.66,595.6800000000001,0.72,1.2,249.8,1.994,49.3,0.926,0.51,0.813,74.9,0.953,45.7,0.982
2024,BE3,Wallonie,C1500,Maïs grain,9.11,75.37,8.273,False,10.844,1158.24,672.3399999999999,14.998,609.2,522.14,0.51,0.851,285.9,2.282,-30.6,-0.575,0.06,0.096,182.5,2.32,-27.8,-0.598
2011,BE31,Brabant wallon,C1500,Maïs grain,2.0,17.63,8.815,False,11.04,666.2,734.1,15.42,365.2,567.9,0.4,0.646,-132.6,-1.074,13.0,0.244,0.28,0.435,-34.5,-0.421,8.6,0.181
2012,BE31,Brabant wallon,C1500,Maïs grain,1.8,15.85,8.806,False,10.12,849.7,681.8,14.42,433.8,525.8,-0.52,-0.843,50.9,0.412,-39.3,-0.736,-0.72,-1.126,34.1,0.417,-33.5,-0.71
2013,BE31,Brabant wallon,C1500,Maïs grain,2.2,16.15,7.341,False,9.64,717.2,677.1,14.53,326.7,528.5,-1.0,-1.619,-81.6,-0.661,-44.0,-0.824,-0.61,-0.955,-73.0,-0.891,-30.8,-0.653
2014,BE31,Brabant wallon,C1500,Maïs grain,1.44,14.86,10.319,False,11.38,836.2,701.5,15.18,464.0,520.9,0.74,1.196,37.4,0.303,-19.6,-0.366,0.04,0.061,64.3,0.786,-38.4,-0.814
2015,BE31,Brabant wallon,C1500,Maïs grain,1.85,16.05,8.676,False,10.78,705.6,731.3,14.8,346.3,570.7,0.14,0.225,-93.2,-0.755,10.2,0.192,-0.34,-0.533,-53.4,-0.652,11.4,0.241
2016,BE31,Brabant wallon,C1500,Maïs grain,1.41,11.5,8.156,False,10.6,804.5,688.5,15.5,414.5,537.0,-0.04,-0.066,5.7,0.046,-32.6,-0.61,0.36,0.56,14.8,0.181,-22.3,-0.473
2017,BE31,Brabant wallon,C1500,Maïs grain,1.33,13.27,9.977,False,10.7,764.6,716.7,15.08,385.5,552.0,0.06,0.096,-34.2,-0.277,-4.4,-0.082,-0.06,-0.096,-14.2,-0.173,-7.3,-0.156
2018,BE31,Brabant wallon,C1500,Maïs grain,1.47,9.8,6.667,False,11.23,628.9,818.3,16.67,237.0,651.0,0.59,0.953,-169.9,-1.376,97.2,1.822,1.53,2.388,-162.7,-1.986,91.7,1.941
2019,BE31,Brabant wallon,C1500,Maïs grain,1.53,13.23,8.647,False,10.93,796.4,768.9,15.28,326.5,603.9,0.29,0.468,-2.4,-0.019,47.8,0.896,0.14,0.217,-73.2,-0.893,44.6,0.944
2020,BE31,Brabant wallon,C1500,Maïs grain,1.67,12.6,7.545,False,11.58,781.9,826.7,16.0,296.1,656.8,0.94,1.52,-16.9,-0.137,105.6,1.979,0.86,1.341,-103.6,-1.265,97.5,2.064
2021,BE31,Brabant wallon,C1500,Maïs grain,1.91,18.34,9.602,False,9.96,1003.0,670.1,14.08,553.8,513.9,-0.68,-1.102,204.2,1.654,-51.0,-0.955,-1.06,-1.657,154.1,1.882,-45.4,-0.963
2022,BE31,Brabant wallon,C1500,Maïs grain,2.4,19.98,8.325,False,11.53,687.5,850.6,15.96,314.1,658.6,0.89,1.439,-111.3,-0.902,129.5,2.427,0.82,1.279,-85.6,-1.045,99.3,2.102
2023,BE31,Brabant wallon,C1500,Maïs grain,1.66,15.12,9.108,False,11.47,1005.1,774.7,15.78,455.8,608.7,0.83,1.342,206.3,1.671,53.6,1.005,0.64,0.998,56.1,0.686,49.4,1.045
2024,BE31,Brabant wallon,C1500,Maïs grain,1.75,14.73,8.417,False,11.23,1070.4,690.0,15.32,563.5,533.6,0.59,0.953,271.6,2.2,-31.1,-0.582,0.18,0.279,163.8,2.001,-25.7,-0.545
2011,BE32,Hainaut,C1500,Maïs grain,5.0,45.67,9.134,False,11.51,622.7,740.4,15.81,305.9,573.2,0.46,0.782,-180.2,-1.374,14.9,0.281,0.31,0.496,-81.5,-1.054,10.8,0.235
2012,BE32,Hainaut,C1500,Maïs grain,3.8,31.46,8.279,False,10.52,829.5,684.1,14.76,413.9,526.1,-0.53,-0.885,26.6,0.203,-41.4,-0.781,-0.74,-1.192,26.5,0.343,-36.3,-0.791
2013,BE32,Hainaut,C1500,Maïs grain,4.8,43.0,8.958,False,10.08,725.5,676.8,14.86,328.2,528.2,-0.97,-1.627,-77.4,-0.59,-48.7,-0.919,-0.64,-1.032,-59.2,-0.765,-34.2,-0.745
2014,BE32,Hainaut,C1500,Maïs grain,2.96,29.95,10.118,False,11.76,794.8,705.0,15.55,413.1,524.3,0.71,1.203,-8.1,-0.062,-20.5,-0.387,0.05,0.078,25.7,0.333,-38.1,-0.83
2015,BE32,Hainaut,C1500,Maïs grain,3.25,32.3,9.938,False,11.22,677.3,740.2,15.25,298.8,579.4,0.17,0.294,-125.6,-0.958,14.7,0.278,-0.25,-0.405,-88.6,-1.145,17.0,0.37
2016,BE32,Hainaut,C1500,Maïs grain,2.4,19.32,8.05,False,11.01,793.6,693.4,15.85,401.1,540.3,-0.04,-0.06,-9.3,-0.071,-32.1,-0.605,0.35,0.56,13.7,0.178,-22.1,-0.482
2017,BE32,Hainaut,C1500,Maïs grain,2.62,23.63,9.019,False,11.07,752.6,728.1,15.45,342.9,562.8,0.02,0.041,-50.3,-0.383,2.6,0.049,-0.05,-0.083,-44.5,-0.575,0.4,0.008
2018,BE32,Hainaut,C1500,Maïs grain,2.98,24.14,8.101,False,11.57,692.9,821.1,16.9,278.0,651.1,0.52,0.883,-110.0,-0.839,95.6,1.804,1.4,2.248,-109.4,-1.414,88.7,1.93
2019,BE32,Hainaut,C1500,Maïs grain,2.75,25.29,9.196,False,11.22,851.2,764.3,15.47,338.1,596.9,0.17,0.294,48.3,0.369,38.8,0.732,-0.03,-0.051,-49.3,-0.637,34.5,0.75
2020,BE32,Hainaut,C1500,Maïs grain,4.0,30.51,7.628,False,11.93,815.0,828.2,16.33,308.6,656.1,0.88,1.49,12.1,0.092,102.7,1.938,0.83,1.332,-78.8,-1.019,93.7,2.039
2021,BE32,Hainaut,C1500,Maïs grain,3.8,33.7,8.868,False,10.29,1011.9,678.6,14.41,512.5,521.1,-0.76,-1.273,209.0,1.594,-46.9,-0.885,-1.09,-1.755,125.1,1.618,-41.3,-0.899
2022,BE32,Hainaut,C1500,Maïs grain,6.07,51.3,8.451,False,11.89,713.2,855.3,16.34,332.5,661.0,0.84,1.422,-89.7,-0.684,129.8,2.449,0.84,1.348,-54.9,-0.71,98.6,2.146
2023,BE32,Hainaut,C1500,Maïs grain,4.01,35.62,8.883,False,11.83,1068.7,777.0,16.05,497.6,604.6,0.78,1.321,265.8,2.027,51.5,0.972,0.55,0.882,110.2,1.426,42.2,0.918
2024,BE32,Hainaut,C1500,Maïs grain,6.04,52.25,8.651,False,11.6,1081.5,701.1,15.64,570.3,542.0,0.55,0.934,278.6,2.125,-24.4,-0.46,0.14,0.223,182.9,2.366,-20.4,-0.445
2011,BE33,Liège,C1500,Maïs grain,0.0,4.01,,False,11.34,713.7,728.5,15.95,382.2,566.3,0.53,0.905,-150.4,-1.182,15.9,0.296,0.47,0.779,-49.1,-0.572,11.1,0.245
2012,BE33,Liège,C1500,Maïs grain,0.3,3.03,10.1,False,10.44,871.1,676.6,14.96,417.4,525.0,-0.37,-0.636,7.0,0.055,-36.0,-0.67,-0.52,-0.859,-13.9,-0.162,-30.2,-0.669
2013,BE33,Liège,C1500,Maïs grain,0.4,2.53,6.325,False,9.9,746.2,665.4,14.97,356.2,522.7,-0.91,-1.561,-117.9,-0.926,-47.2,-0.879,-0.51,-0.843,-75.1,-0.874,-32.5,-0.72
2014,BE33,Liège,C1500,Maïs grain,0.23,2.44,10.609,False,11.76,845.0,695.9,15.65,482.3,521.3,0.95,1.624,-19.1,-0.15,-16.7,-0.311,0.17,0.283,51.0,0.594,-33.9,-0.751
2015,BE33,Liège,C1500,Maïs grain,0.38,3.49,9.184,False,11.08,803.0,721.7,15.32,379.4,571.0,0.27,0.459,-61.1,-0.48,9.1,0.169,-0.16,-0.263,-51.9,-0.604,15.8,0.349
2016,BE33,Liège,C1500,Maïs grain,0.35,2.66,7.6,False,10.83,873.5,671.5,15.92,453.4,530.9,0.02,0.032,9.4,0.074,-41.1,-0.765,0.44,0.729,22.1,0.257,-24.3,-0.538
2017,BE33,Liège,C1500,Maïs grain,0.31,3.03,9.774,False,10.58,897.8,697.3,15.13,464.6,535.8,-0.23,-0.396,33.7,0.265,-15.3,-0.285,-0.35,-0.578,33.3,0.388,-19.4,-0.43
2018,BE33,Liège,C1500,Maïs grain,0.54,4.49,8.315,False,11.17,719.5,802.3,16.76,294.3,633.7,0.36,0.614,-144.6,-1.136,89.7,1.669,1.28,2.12,-137.0,-1.595,78.5,1.737
2019,BE33,Liège,C1500,Maïs grain,0.5,4.16,8.32,False,10.93,838.8,765.2,15.46,346.2,599.5,0.12,0.203,-25.3,-0.199,52.6,0.979,-0.02,-0.032,-85.1,-0.991,44.3,0.98
2020,BE33,Liège,C1500,Maïs grain,0.68,4.79,7.044,False,11.62,824.0,825.8,16.21,325.4,653.3,0.81,1.384,-40.1,-0.315,113.2,2.107,0.73,1.209,-105.9,-1.233,98.1,2.171
2021,BE33,Liège,C1500,Maïs grain,0.75,6.07,8.093,False,9.95,1003.9,671.8,14.19,551.9,511.4,-0.86,-1.475,139.8,1.098,-40.8,-0.759,-1.29,-2.134,120.6,1.404,-43.8,-0.97
2022,BE33,Liège,C1500,Maïs grain,0.99,6.49,6.556,False,11.44,783.9,833.9,15.91,358.3,642.2,0.63,1.076,-80.2,-0.63,121.3,2.257,0.43,0.713,-73.0,-0.85,87.0,1.926
2023,BE33,Liège,C1500,Maïs grain,0.55,4.3,7.818,False,11.4,1191.7,769.3,15.83,586.1,603.4,0.59,1.007,327.6,2.573,56.7,1.055,0.35,0.581,154.8,1.802,48.2,1.067
2024,BE33,Liège,C1500,Maïs grain,0.68,4.11,6.044,False,11.24,1178.2,692.7,15.46,649.1,531.0,0.43,0.733,314.1,2.467,-19.9,-0.37,-0.02,-0.032,217.8,2.535,-24.2,-0.536
2011,BE34,Luxembourg,C1500,Maïs grain,0.0,0.8,,False,8.91,892.2,663.7,13.59,458.4,527.4,0.43,0.632,-167.5,-1.201,22.5,0.4,0.31,0.423,-40.0,-0.471,10.6,0.21
2012,BE34,Luxembourg,C1500,Maïs grain,0.0,0.31,,False,8.0,1131.2,603.3,12.54,609.1,472.8,-0.48,-0.7,71.5,0.512,-37.9,-0.674,-0.74,-1.012,110.7,1.303,-44.0,-0.868
2013,BE34,Luxembourg,C1500,Maïs grain,0.0,0.16,,False,7.44,1005.1,586.1,12.58,524.2,475.2,-1.04,-1.52,-54.6,-0.392,-55.1,-0.98,-0.7,-0.957,25.8,0.303,-41.6,-0.82
2014,BE34,Luxembourg,C1500,Maïs grain,0.05,0.61,12.2,False,9.21,1010.0,626.5,13.29,505.1,493.8,0.73,1.071,-49.7,-0.356,-14.7,-0.262,0.01,0.013,6.7,0.079,-23.0,-0.453
2015,BE34,Luxembourg,C1500,Maïs grain,0.06,0.51,8.5,False,8.69,918.0,654.0,13.22,457.7,538.1,0.21,0.31,-141.7,-1.016,12.8,0.227,-0.06,-0.083,-40.7,-0.479,21.3,0.421
2016,BE34,Luxembourg,C1500,Maïs grain,0.11,0.74,6.727,False,8.32,1068.7,602.5,13.49,547.9,486.9,-0.16,-0.232,9.0,0.064,-38.7,-0.688,0.21,0.286,49.5,0.582,-29.9,-0.589
2017,BE34,Luxembourg,C1500,Maïs grain,0.08,0.85,10.625,False,8.45,977.5,625.5,13.21,449.4,501.3,-0.03,-0.042,-82.2,-0.589,-15.7,-0.28,-0.07,-0.096,-49.0,-0.577,-15.5,-0.305
2018,BE34,Luxembourg,C1500,Maïs grain,0.19,0.69,3.632,False,9.36,931.1,748.7,15.12,343.1,613.2,0.88,1.29,-128.6,-0.922,107.5,1.911,1.84,2.514,-155.3,-1.828,96.4,1.903
2019,BE34,Luxembourg,C1500,Maïs grain,0.19,1.23,6.474,False,8.97,1185.0,703.1,13.66,426.3,575.4,0.49,0.719,125.3,0.898,61.9,1.1,0.38,0.519,-72.1,-0.849,58.6,1.157
2020,BE34,Luxembourg,C1500,Maïs grain,0.16,0.78,4.875,False,9.6,1181.9,742.6,14.43,348.2,623.1,1.12,1.641,122.2,0.875,101.4,1.803,1.15,1.571,-150.2,-1.768,106.3,2.098
2021,BE34,Luxembourg,C1500,Maïs grain,0.19,1.01,5.316,False,7.94,1125.2,603.9,12.33,582.3,476.1,-0.54,-0.788,65.5,0.469,-37.3,-0.664,-0.95,-1.299,83.9,0.987,-40.7,-0.802
2022,BE34,Luxembourg,C1500,Maïs grain,0.2,1.38,6.9,False,9.53,929.7,768.7,14.18,373.6,618.6,1.05,1.539,-130.0,-0.932,127.5,2.267,0.9,1.23,-124.8,-1.469,101.8,2.009
2023,BE34,Luxembourg,C1500,Maïs grain,0.1,0.45,4.5,False,9.36,1271.8,681.6,14.02,473.9,564.0,0.88,1.29,212.1,1.52,40.4,0.718,0.74,1.011,-24.5,-0.289,47.2,0.932
2024,BE34,Luxembourg,C1500,Maïs grain,0.06,0.47,7.833,False,9.13,1363.3,597.5,13.39,669.2,478.6,0.65,0.954,303.6,2.175,-43.7,-0.777,0.11,0.15,170.8,2.01,-38.2,-0.753
2011,BE35,Namur,C1500,Maïs grain,0.0,3.2,,False,11.27,716.5,734.2,15.76,397.1,570.2,0.57,1.031,-119.8,-0.949,20.0,0.394,0.47,0.799,-19.7,-0.229,14.1,0.313
2012,BE35,Namur,C1500,Maïs grain,0.4,3.03,7.575,False,10.35,880.7,677.6,14.71,460.9,522.7,-0.35,-0.646,44.4,0.351,-36.6,-0.719,-0.58,-0.968,44.1,0.512,-33.4,-0.743
2013,BE35,Namur,C1500,Maïs grain,0.5,3.33,6.66,False,9.83,742.0,669.4,14.79,349.6,524.2,-0.87,-1.594,-94.3,-0.747,-44.8,-0.88,-0.5,-0.833,-67.2,-0.78,-31.9,-0.71
2014,BE35,Namur,C1500,Maïs grain,0.27,2.23,8.259,False,11.62,826.3,701.9,15.48,441.4,526.6,0.92,1.669,-10.0,-0.08,-12.3,-0.241,0.19,0.328,24.6,0.286,-29.5,-0.656
2015,BE35,Namur,C1500,Maïs grain,0.44,4.12,9.364,False,11.0,734.9,724.8,15.12,352.8,570.1,0.3,0.539,-101.4,-0.803,10.6,0.209,-0.17,-0.278,-64.0,-0.743,14.0,0.311
2016,BE35,Namur,C1500,Maïs grain,0.41,2.85,6.951,False,10.76,839.1,679.6,15.76,425.7,533.4,0.06,0.101,2.8,0.022,-34.6,-0.679,0.47,0.799,8.9,0.103,-22.7,-0.505
2017,BE35,Namur,C1500,Maïs grain,0.4,3.49,8.725,False,10.44,807.0,700.4,14.93,408.0,541.3,-0.26,-0.482,-29.3,-0.232,-13.8,-0.27,-0.36,-0.598,-8.8,-0.102,-14.8,-0.329
2018,BE35,Namur,C1500,Maïs grain,0.42,2.32,5.524,False,11.07,686.1,812.1,16.6,264.7,646.6,0.37,0.666,-150.2,-1.19,97.9,1.925,1.31,2.213,-152.1,-1.766,90.5,2.012
2019,BE35,Namur,C1500,Maïs grain,0.6,4.53,7.55,False,10.7,841.9,755.5,15.13,331.7,594.0,-0.0,-0.008,5.6,0.044,41.3,0.813,-0.16,-0.261,-85.1,-0.988,37.9,0.842
2020,BE35,Namur,C1500,Maïs grain,0.64,4.36,6.812,False,11.38,833.9,811.6,15.96,304.4,650.8,0.68,1.231,-2.4,-0.019,97.4,1.915,0.67,1.136,-112.4,-1.305,94.7,2.105
2021,BE35,Namur,C1500,Maïs grain,0.59,4.76,8.068,False,9.73,1038.2,660.6,13.95,592.7,507.5,-0.97,-1.776,201.9,1.599,-53.6,-1.053,-1.34,-2.247,175.9,2.042,-48.6,-1.081
2022,BE35,Namur,C1500,Maïs grain,0.78,6.2,7.949,False,11.26,678.1,828.0,15.68,281.4,640.0,0.56,1.013,-158.2,-1.253,113.8,2.238,0.39,0.664,-135.4,-1.572,83.9,1.865
2023,BE35,Namur,C1500,Maïs grain,0.61,3.9,6.393,False,11.2,1073.5,758.2,15.56,494.9,597.7,0.5,0.903,237.2,1.878,44.0,0.866,0.27,0.462,78.1,0.907,41.6,0.925
2024,BE35,Namur,C1500,Maïs grain,0.58,3.81,6.569,False,11.02,1097.8,680.4,15.18,593.9,525.5,0.32,0.575,261.5,2.071,-33.8,-0.664,-0.11,-0.177,177.1,2.056,-30.6,-0.681
2000,BE3,Wallonie,G3000,Maïs fourrager,52.3,2297.1,43.922,False,10.358,989.28,639.88,14.494,550.64,492.0,0.02,0.037,116.9,0.933,-63.0,-1.185,-0.44,-0.706,123.9,1.575,-58.0,-1.246
2001,BE3,Wallonie,G3000,Maïs fourrager,55.4,2374.4,42.859,False,9.876,1013.8,659.22,14.146,492.7,518.36,-0.46,-0.771,141.4,1.129,-43.7,-0.822,-0.79,-1.261,66.0,0.839,-31.6,-0.679
2002,BE3,Wallonie,G3000,Maïs fourrager,54.7,2569.9,46.982,False,10.498,975.88,661.48,14.504,404.44,503.68,0.16,0.271,103.5,0.826,-41.4,-0.779,-0.43,-0.69,-22.3,-0.283,-46.3,-0.995
2003,BE3,Wallonie,G3000,Maïs fourrager,55.3,2634.9,47.647,False,10.376,678.1600000000001,780.04,15.895999999999995,355.18,616.48,0.04,0.067,-194.2,-1.55,77.1,1.451,0.96,1.526,-71.5,-0.909,66.5,1.429
2004,BE3,Wallonie,G3000,Maïs fourrager,55.2,2543.6,46.08,False,9.802,770.3199999999999,684.1,14.52,409.2,530.54,-0.53,-0.896,-102.1,-0.815,-18.8,-0.354,-0.42,-0.665,-17.5,-0.223,-19.4,-0.418
2005,BE3,Wallonie,G3000,Maïs fourrager,52.8,2468.6,46.754,False,10.152,703.22,689.1800000000001,14.866,399.6,534.6,-0.18,-0.309,-169.2,-1.35,-13.7,-0.258,-0.07,-0.114,-27.1,-0.345,-15.4,-0.33
2006,BE3,Wallonie,G3000,Maïs fourrager,52.1,2022.6,38.821,False,10.504,831.5,695.52,15.5,452.36,544.8,0.17,0.281,-40.9,-0.326,-7.4,-0.139,0.56,0.896,25.6,0.326,-5.2,-0.111
2007,BE3,Wallonie,G3000,Maïs fourrager,53.6,2531.4,47.228,False,10.564,922.94,668.28,14.948000000000002,482.54,519.3199999999999,0.23,0.382,50.6,0.404,-34.6,-0.651,0.01,0.017,55.8,0.71,-30.7,-0.659
2008,BE3,Wallonie,G3000,Maïs fourrager,57.7,2725.9,47.243,False,9.904,883.9199999999998,657.4399999999999,14.332,452.58,511.0200000000001,-0.43,-0.725,11.5,0.092,-45.5,-0.855,-0.61,-0.964,25.9,0.329,-39.0,-0.837
2009,BE3,Wallonie,G3000,Maïs fourrager,,2765.4,,False,10.014,826.04,695.9399999999999,15.212,373.74,554.88,-0.32,-0.54,-46.3,-0.37,-7.0,-0.131,0.27,0.437,-53.0,-0.673,4.9,0.105
2010,BE3,Wallonie,G3000,Maïs fourrager,58.7,2585.2,44.041,False,8.774000000000001,849.32,672.8399999999999,14.206,427.04,535.8,-1.56,-2.619,-23.1,-0.184,-30.1,-0.565,-0.73,-1.165,0.3,0.004,-14.2,-0.305
2011,BE3,Wallonie,G3000,Maïs fourrager,56.0,,,False,10.814,722.26,720.1800000000001,15.306,381.76,561.0,0.48,0.801,-150.1,-1.198,17.3,0.325,0.37,0.587,-45.0,-0.571,11.0,0.237
2012,BE3,Wallonie,G3000,Maïs fourrager,55.8,2466.4,44.201,False,9.886,912.44,664.6800000000001,14.278,467.02,514.48,-0.45,-0.755,40.1,0.32,-38.2,-0.719,-0.66,-1.05,40.3,0.512,-35.5,-0.763
2013,BE3,Wallonie,G3000,Maïs fourrager,54.9,2304.7,41.98,False,9.378,787.2,654.96,14.346,376.98,515.76,-0.96,-1.606,-85.2,-0.68,-47.9,-0.902,-0.59,-0.942,-49.7,-0.632,-34.2,-0.735
2014,BE3,Wallonie,G3000,Maïs fourrager,54.99,2713.21,49.34,False,11.146,862.46,686.1600000000001,15.03,461.18,517.3799999999999,0.81,1.358,-9.9,-0.079,-16.7,-0.315,0.09,0.147,34.5,0.438,-32.6,-0.7
2015,BE3,Wallonie,G3000,Maïs fourrager,53.22,2520.66,47.363,False,10.553999999999998,767.76,714.4,14.742,367.0,565.86,0.22,0.365,-104.6,-0.835,11.5,0.216,-0.2,-0.311,-59.7,-0.759,15.9,0.341
2016,BE3,Wallonie,G3000,Maïs fourrager,51.14,2272.31,44.433,False,10.303999999999998,875.8800000000001,667.1,15.303999999999998,448.52,525.7,-0.03,-0.054,3.5,0.028,-35.8,-0.673,0.37,0.584,21.8,0.277,-24.3,-0.522
2017,BE3,Wallonie,G3000,Maïs fourrager,51.07,2446.63,47.907,False,10.248,839.9,693.6,14.76,410.08,538.64,-0.09,-0.148,-32.5,-0.259,-9.3,-0.175,-0.18,-0.283,-16.6,-0.211,-11.3,-0.243
2018,BE3,Wallonie,G3000,Maïs fourrager,54.36,2284.71,42.029,False,10.88,731.7,800.5,16.410000000000004,283.42,639.1200000000001,0.54,0.912,-140.7,-1.123,97.6,1.835,1.47,2.345,-143.3,-1.821,89.1,1.916
2019,BE3,Wallonie,G3000,Maïs fourrager,52.81,2263.43,42.86,False,10.55,902.66,751.4,15.0,353.76,593.9399999999999,0.21,0.359,30.3,0.242,48.5,0.912,0.06,0.1,-73.0,-0.927,44.0,0.945
2020,BE3,Wallonie,G3000,Maïs fourrager,56.1,2487.9,44.348,False,11.222,887.3399999999999,806.98,15.786,316.54,648.02,0.89,1.485,15.0,0.119,104.1,1.957,0.85,1.351,-110.2,-1.4,98.0,2.107
2021,BE3,Wallonie,G3000,Maïs fourrager,57.73,2442.89,42.316,False,9.574000000000002,1036.44,657.0,13.791999999999998,558.64,506.0,-0.76,-1.278,164.1,1.31,-45.9,-0.863,-1.15,-1.824,131.9,1.677,-44.0,-0.945
2022,BE3,Wallonie,G3000,Maïs fourrager,55.62,2591.92,46.601,False,11.13,758.48,827.3,15.614,331.98,644.08,0.79,1.331,-113.9,-0.909,124.4,2.34,0.68,1.077,-94.7,-1.204,94.1,2.022
2023,BE3,Wallonie,G3000,Maïs fourrager,54.1,2477.52,45.795,False,11.052,1122.16,752.1600000000001,15.448000000000002,501.66,595.6800000000001,0.72,1.2,249.8,1.994,49.3,0.926,0.51,0.813,74.9,0.953,45.7,0.982
2024,BE3,Wallonie,G3000,Maïs fourrager,59.63,2477.32,41.545,False,10.844,1158.24,672.3399999999999,14.998,609.2,522.14,0.51,0.851,285.9,2.282,-30.6,-0.575,0.06,0.096,182.5,2.32,-27.8,-0.598
2000,BE31,Brabant wallon,G3000,Maïs fourrager,4.2,204.3,48.643,False,10.63,936.2,659.5,14.66,550.7,498.5,-0.01,-0.017,137.4,1.113,-61.6,-1.153,-0.48,-0.752,151.0,1.845,-60.8,-1.289
2001,BE31,Brabant wallon,G3000,Maïs fourrager,3.6,151.5,42.083,False,10.14,954.9,679.3,14.38,476.9,531.8,-0.5,-0.81,156.1,1.265,-41.8,-0.782,-0.76,-1.189,77.2,0.943,-27.5,-0.583
2002,BE31,Brabant wallon,G3000,Maïs fourrager,3.6,162.2,45.056,False,10.74,909.4,673.7,14.66,405.9,505.7,0.1,0.161,110.6,0.896,-47.4,-0.887,-0.48,-0.752,6.2,0.076,-53.6,-1.136
2003,BE31,Brabant wallon,G3000,Maïs fourrager,3.5,152.8,43.657,False,10.61,612.7,788.5,15.98,325.3,619.5,-0.03,-0.05,-186.1,-1.508,67.4,1.264,0.84,1.31,-74.4,-0.908,60.2,1.274
2004,BE31,Brabant wallon,G3000,Maïs fourrager,3.7,170.4,46.054,False,10.15,700.7,705.7,14.76,360.4,542.0,-0.49,-0.794,-98.1,-0.795,-15.4,-0.288,-0.38,-0.595,-39.3,-0.479,-17.3,-0.367
2005,BE31,Brabant wallon,G3000,Maïs fourrager,3.5,156.9,44.829,False,10.45,658.1,701.6,14.97,393.8,538.0,-0.19,-0.309,-140.7,-1.14,-19.5,-0.365,-0.17,-0.267,-5.9,-0.072,-21.3,-0.452
2006,BE31,Brabant wallon,G3000,Maïs fourrager,3.4,147.5,43.382,False,10.78,742.6,714.3,15.7,407.3,554.2,0.14,0.225,-56.2,-0.455,-6.8,-0.127,0.56,0.873,7.6,0.093,-5.1,-0.109
2007,BE31,Brabant wallon,G3000,Maïs fourrager,3.6,155.7,43.25,False,10.84,814.5,686.6,15.14,430.8,528.6,0.2,0.322,15.7,0.127,-34.5,-0.646,-0.0,-0.002,31.1,0.38,-30.7,-0.651
2008,BE31,Brabant wallon,G3000,Maïs fourrager,3.9,189.9,48.692,False,10.18,774.8,679.1,14.52,418.2,522.6,-0.46,-0.746,-24.0,-0.194,-42.0,-0.786,-0.62,-0.97,18.5,0.226,-36.7,-0.778
2009,BE31,Brabant wallon,G3000,Maïs fourrager,,180.4,,False,10.29,733.8,720.0,15.38,330.0,567.7,-0.35,-0.568,-65.0,-0.527,-1.1,-0.02,0.24,0.373,-69.7,-0.851,8.4,0.177
2010,BE31,Brabant wallon,G3000,Maïs fourrager,4.2,189.3,45.071,False,9.02,814.9,687.9,14.36,409.3,545.7,-1.62,-2.623,16.1,0.13,-33.2,-0.621,-0.78,-1.22,9.6,0.118,-13.6,-0.289
2011,BE31,Brabant wallon,G3000,Maïs fourrager,4.0,,,False,11.04,666.2,734.1,15.42,365.2,567.9,0.4,0.646,-132.6,-1.074,13.0,0.244,0.28,0.435,-34.5,-0.421,8.6,0.181
2012,BE31,Brabant wallon,G3000,Maïs fourrager,3.9,186.9,47.923,False,10.12,849.7,681.8,14.42,433.8,525.8,-0.52,-0.843,50.9,0.412,-39.3,-0.736,-0.72,-1.126,34.1,0.417,-33.5,-0.71
2013,BE31,Brabant wallon,G3000,Maïs fourrager,3.8,164.0,43.158,False,9.64,717.2,677.1,14.53,326.7,528.5,-1.0,-1.619,-81.6,-0.661,-44.0,-0.824,-0.61,-0.955,-73.0,-0.891,-30.8,-0.653
2014,BE31,Brabant wallon,G3000,Maïs fourrager,3.82,186.55,48.835,False,11.38,836.2,701.5,15.18,464.0,520.9,0.74,1.196,37.4,0.303,-19.6,-0.366,0.04,0.061,64.3,0.786,-38.4,-0.814
2015,BE31,Brabant wallon,G3000,Maïs fourrager,3.78,186.08,49.228,False,10.78,705.6,731.3,14.8,346.3,570.7,0.14,0.225,-93.2,-0.755,10.2,0.192,-0.34,-0.533,-53.4,-0.652,11.4,0.241
2016,BE31,Brabant wallon,G3000,Maïs fourrager,3.52,167.95,47.713,False,10.6,804.5,688.5,15.5,414.5,537.0,-0.04,-0.066,5.7,0.046,-32.6,-0.61,0.36,0.56,14.8,0.181,-22.3,-0.473
2017,BE31,Brabant wallon,G3000,Maïs fourrager,3.45,157.19,45.562,False,10.7,764.6,716.7,15.08,385.5,552.0,0.06,0.096,-34.2,-0.277,-4.4,-0.082,-0.06,-0.096,-14.2,-0.173,-7.3,-0.156
2018,BE31,Brabant wallon,G3000,Maïs fourrager,3.86,159.97,41.443,False,11.23,628.9,818.3,16.67,237.0,651.0,0.59,0.953,-169.9,-1.376,97.2,1.822,1.53,2.388,-162.7,-1.986,91.7,1.941
2019,BE31,Brabant wallon,G3000,Maïs fourrager,3.71,153.12,41.272,False,10.93,796.4,768.9,15.28,326.5,603.9,0.29,0.468,-2.4,-0.019,47.8,0.896,0.14,0.217,-73.2,-0.893,44.6,0.944
2020,BE31,Brabant wallon,G3000,Maïs fourrager,4.06,176.21,43.401,False,11.58,781.9,826.7,16.0,296.1,656.8,0.94,1.52,-16.9,-0.137,105.6,1.979,0.86,1.341,-103.6,-1.265,97.5,2.064
2021,BE31,Brabant wallon,G3000,Maïs fourrager,4.05,146.93,36.279,False,9.96,1003.0,670.1,14.08,553.8,513.9,-0.68,-1.102,204.2,1.654,-51.0,-0.955,-1.06,-1.657,154.1,1.882,-45.4,-0.963
2022,BE31,Brabant wallon,G3000,Maïs fourrager,3.79,179.72,47.42,False,11.53,687.5,850.6,15.96,314.1,658.6,0.89,1.439,-111.3,-0.902,129.5,2.427,0.82,1.279,-85.6,-1.045,99.3,2.102
2023,BE31,Brabant wallon,G3000,Maïs fourrager,3.72,154.9,41.64,False,11.47,1005.1,774.7,15.78,455.8,608.7,0.83,1.342,206.3,1.671,53.6,1.005,0.64,0.998,56.1,0.686,49.4,1.045
2024,BE31,Brabant wallon,G3000,Maïs fourrager,3.98,162.53,40.837,False,11.23,1070.4,690.0,15.32,563.5,533.6,0.59,0.953,271.6,2.2,-31.1,-0.582,0.18,0.279,163.8,2.001,-25.7,-0.545
2000,BE32,Hainaut,G3000,Maïs fourrager,24.5,1111.0,45.347,False,11.01,930.8,665.5,15.03,517.4,505.6,-0.04,-0.06,127.9,0.976,-60.0,-1.132,-0.47,-0.758,130.0,1.682,-56.8,-1.237
2001,BE32,Hainaut,G3000,Maïs fourrager,26.6,1177.8,44.278,False,10.55,958.2,678.5,14.75,459.7,530.7,-0.5,-0.835,155.3,1.185,-47.0,-0.887,-0.75,-1.208,72.3,0.935,-31.7,-0.691
2002,BE32,Hainaut,G3000,Maïs fourrager,25.3,1226.3,48.47,False,11.19,925.4,679.8,15.03,379.5,511.4,0.14,0.243,122.5,0.934,-45.7,-0.862,-0.47,-0.758,-7.9,-0.102,-51.0,-1.111
2003,BE32,Hainaut,G3000,Maïs fourrager,25.4,1290.0,50.787,False,11.07,614.7,796.4,16.41,321.6,625.2,0.02,0.041,-188.2,-1.435,70.9,1.338,0.91,1.461,-65.8,-0.851,62.8,1.366
2004,BE32,Hainaut,G3000,Maïs fourrager,24.4,1147.6,47.033,False,10.65,657.0,716.0,15.24,333.2,550.8,-0.4,-0.666,-145.9,-1.112,-9.5,-0.179,-0.26,-0.421,-54.2,-0.7,-11.6,-0.253
2005,BE32,Hainaut,G3000,Maïs fourrager,23.1,1099.4,47.593,False,10.89,658.1,700.2,15.34,394.0,534.9,-0.16,-0.262,-144.8,-1.104,-25.3,-0.477,-0.16,-0.26,6.6,0.086,-27.5,-0.599
2006,BE32,Hainaut,G3000,Maïs fourrager,23.1,916.4,39.671,False,11.18,746.2,713.0,16.06,401.8,552.8,0.13,0.226,-56.7,-0.432,-12.5,-0.236,0.56,0.898,14.4,0.187,-9.6,-0.209
2007,BE32,Hainaut,G3000,Maïs fourrager,24.1,1107.0,45.934,False,11.24,805.1,687.8,15.5,414.4,528.8,0.19,0.327,2.2,0.017,-37.7,-0.711,-0.0,-0.003,27.0,0.35,-33.6,-0.732
2008,BE32,Hainaut,G3000,Maïs fourrager,25.6,1186.9,46.363,False,10.61,811.9,685.8,14.94,418.5,529.7,-0.44,-0.734,9.0,0.069,-39.7,-0.749,-0.56,-0.903,31.1,0.403,-32.7,-0.712
2009,BE32,Hainaut,G3000,Maïs fourrager,,1208.6,,False,10.76,740.1,728.8,15.8,312.0,576.0,-0.29,-0.481,-62.8,-0.479,3.3,0.062,0.3,0.48,-75.4,-0.975,13.6,0.296
2010,BE32,Hainaut,G3000,Maïs fourrager,25.1,1125.9,44.857,False,9.49,793.9,691.8,14.77,390.5,547.6,-1.56,-2.621,-9.0,-0.068,-33.7,-0.636,-0.73,-1.176,3.1,0.041,-14.8,-0.323
2011,BE32,Hainaut,G3000,Maïs fourrager,24.0,,,False,11.51,622.7,740.4,15.81,305.9,573.2,0.46,0.782,-180.2,-1.374,14.9,0.281,0.31,0.496,-81.5,-1.054,10.8,0.235
2012,BE32,Hainaut,G3000,Maïs fourrager,23.8,1007.4,42.328,False,10.52,829.5,684.1,14.76,413.9,526.1,-0.53,-0.885,26.6,0.203,-41.4,-0.781,-0.74,-1.192,26.5,0.343,-36.3,-0.791
2013,BE32,Hainaut,G3000,Maïs fourrager,23.5,926.3,39.417,False,10.08,725.5,676.8,14.86,328.2,528.2,-0.97,-1.627,-77.4,-0.59,-48.7,-0.919,-0.64,-1.032,-59.2,-0.765,-34.2,-0.745
2014,BE32,Hainaut,G3000,Maïs fourrager,23.53,1198.93,50.953,False,11.76,794.8,705.0,15.55,413.1,524.3,0.71,1.203,-8.1,-0.062,-20.5,-0.387,0.05,0.078,25.7,0.333,-38.1,-0.83
2015,BE32,Hainaut,G3000,Maïs fourrager,22.32,1110.62,49.759,False,11.22,677.3,740.2,15.25,298.8,579.4,0.17,0.294,-125.6,-0.958,14.7,0.278,-0.25,-0.405,-88.6,-1.145,17.0,0.37
2016,BE32,Hainaut,G3000,Maïs fourrager,20.59,935.32,45.426,False,11.01,793.6,693.4,15.85,401.1,540.3,-0.04,-0.06,-9.3,-0.071,-32.1,-0.605,0.35,0.56,13.7,0.178,-22.1,-0.482
2017,BE32,Hainaut,G3000,Maïs fourrager,21.22,1039.07,48.967,False,11.07,752.6,728.1,15.45,342.9,562.8,0.02,0.041,-50.3,-0.383,2.6,0.049,-0.05,-0.083,-44.5,-0.575,0.4,0.008
2018,BE32,Hainaut,G3000,Maïs fourrager,22.05,935.74,42.437,False,11.57,692.9,821.1,16.9,278.0,651.1,0.52,0.883,-110.0,-0.839,95.6,1.804,1.4,2.248,-109.4,-1.414,88.7,1.93
2019,BE32,Hainaut,G3000,Maïs fourrager,21.23,937.68,44.168,False,11.22,851.2,764.3,15.47,338.1,596.9,0.17,0.294,48.3,0.369,38.8,0.732,-0.03,-0.051,-49.3,-0.637,34.5,0.75
2020,BE32,Hainaut,G3000,Maïs fourrager,22.69,1033.03,45.528,False,11.93,815.0,828.2,16.33,308.6,656.1,0.88,1.49,12.1,0.092,102.7,1.938,0.83,1.332,-78.8,-1.019,93.7,2.039
2021,BE32,Hainaut,G3000,Maïs fourrager,23.31,999.54,42.88,False,10.29,1011.9,678.6,14.41,512.5,521.1,-0.76,-1.273,209.0,1.594,-46.9,-0.885,-1.09,-1.755,125.1,1.618,-41.3,-0.899
2022,BE32,Hainaut,G3000,Maïs fourrager,22.2,1040.71,46.879,False,11.89,713.2,855.3,16.34,332.5,661.0,0.84,1.422,-89.7,-0.684,129.8,2.449,0.84,1.348,-54.9,-0.71,98.6,2.146
2023,BE32,Hainaut,G3000,Maïs fourrager,20.98,973.3,46.392,False,11.83,1068.7,777.0,16.05,497.6,604.6,0.78,1.321,265.8,2.027,51.5,0.972,0.55,0.882,110.2,1.426,42.2,0.918
2024,BE32,Hainaut,G3000,Maïs fourrager,23.9,1024.75,42.877,False,11.6,1081.5,701.1,15.64,570.3,542.0,0.55,0.934,278.6,2.125,-24.4,-0.46,0.14,0.223,182.9,2.366,-20.4,-0.445
2000,BE33,Liège,G3000,Maïs fourrager,6.4,275.7,43.078,False,10.93,942.8,649.7,15.13,528.6,498.2,0.12,0.203,78.7,0.618,-62.9,-1.171,-0.35,-0.578,97.3,1.133,-57.0,-1.262
2001,BE33,Liège,G3000,Maïs fourrager,6.7,291.8,43.552,False,10.41,972.2,671.2,14.74,459.5,526.6,-0.4,-0.688,108.1,0.849,-41.4,-0.771,-0.74,-1.223,28.2,0.328,-28.6,-0.633
2002,BE33,Liège,G3000,Maïs fourrager,6.8,333.6,49.059,False,11.05,929.3,668.7,15.13,383.0,507.6,0.24,0.408,65.2,0.512,-43.9,-0.817,-0.35,-0.578,-48.3,-0.562,-47.6,-1.054
2003,BE33,Liège,G3000,Maïs fourrager,7.2,345.8,48.028,False,10.95,669.4,791.5,16.54,350.0,624.5,0.14,0.237,-194.7,-1.53,78.9,1.468,1.06,1.756,-81.3,-0.947,69.3,1.534
2004,BE33,Liège,G3000,Maïs fourrager,7.6,380.1,50.013,False,10.24,818.8,683.3,15.01,447.6,528.2,-0.57,-0.979,-45.3,-0.356,-29.3,-0.545,-0.47,-0.776,16.3,0.19,-27.0,-0.598
2005,BE33,Liège,G3000,Maïs fourrager,7.3,344.1,47.137,False,10.68,726.3,702.6,15.5,396.1,547.9,-0.13,-0.225,-137.8,-1.083,-10.0,-0.186,0.02,0.034,-35.2,-0.41,-7.3,-0.162
2006,BE33,Liège,G3000,Maïs fourrager,7.3,281.4,38.548,False,11.06,819.7,709.8,16.13,457.9,556.2,0.25,0.425,-44.4,-0.349,-2.8,-0.052,0.65,1.077,26.6,0.31,1.0,0.022
2007,BE33,Liège,G3000,Maïs fourrager,7.7,379.0,49.221,False,11.09,931.7,679.0,15.55,498.6,528.7,0.28,0.477,67.6,0.531,-33.6,-0.625,0.07,0.117,67.3,0.783,-26.5,-0.587
2008,BE33,Liège,G3000,Maïs fourrager,8.2,396.1,48.305,False,10.45,856.0,664.3,14.94,446.6,515.9,-0.36,-0.619,-8.1,-0.064,-48.3,-0.899,-0.54,-0.892,15.3,0.178,-39.3,-0.87
2009,BE33,Liège,G3000,Maïs fourrager,,416.7,,False,10.52,802.5,698.9,15.83,346.6,558.1,-0.29,-0.499,-61.6,-0.484,-13.7,-0.255,0.35,0.581,-84.7,-0.986,2.9,0.064
2010,BE33,Liège,G3000,Maïs fourrager,9.0,393.4,43.711,False,9.23,843.9,678.3,14.76,421.4,540.9,-1.58,-2.708,-20.2,-0.159,-34.3,-0.638,-0.72,-1.19,-9.9,-0.115,-14.3,-0.317
2011,BE33,Liège,G3000,Maïs fourrager,9.0,,,False,11.34,713.7,728.5,15.95,382.2,566.3,0.53,0.905,-150.4,-1.182,15.9,0.296,0.47,0.779,-49.1,-0.572,11.1,0.245
2012,BE33,Liège,G3000,Maïs fourrager,8.7,406.0,46.667,False,10.44,871.1,676.6,14.96,417.4,525.0,-0.37,-0.636,7.0,0.055,-36.0,-0.67,-0.52,-0.859,-13.9,-0.162,-30.2,-0.669
2013,BE33,Liège,G3000,Maïs fourrager,8.8,385.0,43.75,False,9.9,746.2,665.4,14.97,356.2,522.7,-0.91,-1.561,-117.9,-0.926,-47.2,-0.879,-0.51,-0.843,-75.1,-0.874,-32.5,-0.72
2014,BE33,Liège,G3000,Maïs fourrager,8.72,433.2,49.679,False,11.76,845.0,695.9,15.65,482.3,521.3,0.95,1.624,-19.1,-0.15,-16.7,-0.311,0.17,0.283,51.0,0.594,-33.9,-0.751
2015,BE33,Liège,G3000,Maïs fourrager,8.93,435.28,48.744,False,11.08,803.0,721.7,15.32,379.4,571.0,0.27,0.459,-61.1,-0.48,9.1,0.169,-0.16,-0.263,-51.9,-0.604,15.8,0.349
2016,BE33,Liège,G3000,Maïs fourrager,8.68,373.78,43.062,False,10.83,873.5,671.5,15.92,453.4,530.9,0.02,0.032,9.4,0.074,-41.1,-0.765,0.44,0.729,22.1,0.257,-24.3,-0.538
2017,BE33,Liège,G3000,Maïs fourrager,8.36,415.06,49.648,False,10.58,897.8,697.3,15.13,464.6,535.8,-0.23,-0.396,33.7,0.265,-15.3,-0.285,-0.35,-0.578,33.3,0.388,-19.4,-0.43
2018,BE33,Liège,G3000,Maïs fourrager,8.48,346.67,40.881,False,11.17,719.5,802.3,16.76,294.3,633.7,0.36,0.614,-144.6,-1.136,89.7,1.669,1.28,2.12,-137.0,-1.595,78.5,1.737
2019,BE33,Liège,G3000,Maïs fourrager,8.11,371.9,45.857,False,10.93,838.8,765.2,15.46,346.2,599.5,0.12,0.203,-25.3,-0.199,52.6,0.979,-0.02,-0.032,-85.1,-0.991,44.3,0.98
2020,BE33,Liège,G3000,Maïs fourrager,8.71,403.01,46.27,False,11.62,824.0,825.8,16.21,325.4,653.3,0.81,1.384,-40.1,-0.315,113.2,2.107,0.73,1.209,-105.9,-1.233,98.1,2.171
2021,BE33,Liège,G3000,Maïs fourrager,8.69,370.23,42.604,False,9.95,1003.9,671.8,14.19,551.9,511.4,-0.86,-1.475,139.8,1.098,-40.8,-0.759,-1.29,-2.134,120.6,1.404,-43.8,-0.97
2022,BE33,Liège,G3000,Maïs fourrager,8.51,421.06,49.478,False,11.44,783.9,833.9,15.91,358.3,642.2,0.63,1.076,-80.2,-0.63,121.3,2.257,0.43,0.713,-73.0,-0.85,87.0,1.926
2023,BE33,Liège,G3000,Maïs fourrager,8.47,385.41,45.503,False,11.4,1191.7,769.3,15.83,586.1,603.4,0.59,1.007,327.6,2.573,56.7,1.055,0.35,0.581,154.8,1.802,48.2,1.067
2024,BE33,Liège,G3000,Maïs fourrager,9.45,401.14,42.449,False,11.24,1178.2,692.7,15.46,649.1,531.0,0.43,0.733,314.1,2.467,-19.9,-0.37,-0.02,-0.032,217.8,2.535,-24.2,-0.536
2000,BE34,Luxembourg,G3000,Maïs fourrager,6.6,275.4,41.727,False,8.4,1178.6,572.2,12.74,602.5,460.2,-0.08,-0.115,118.9,0.852,-69.0,-1.227,-0.54,-0.739,104.1,1.225,-56.6,-1.116
2001,BE34,Luxembourg,G3000,Maïs fourrager,7.0,288.7,41.243,False,7.92,1192.3,590.2,12.22,579.1,472.2,-0.56,-0.817,132.6,0.95,-51.0,-0.907,-1.06,-1.449,80.7,0.95,-44.6,-0.879
2002,BE34,Luxembourg,G3000,Maïs fourrager,7.5,327.1,43.613,False,8.54,1149.0,610.8,12.76,427.7,484.0,0.06,0.09,89.3,0.64,-30.4,-0.541,-0.52,-0.711,-70.7,-0.832,-32.8,-0.647
2003,BE34,Luxembourg,G3000,Maïs fourrager,7.6,324.9,42.75,False,8.4,841.3,729.9,14.22,432.4,588.2,-0.08,-0.115,-218.4,-1.565,88.7,1.577,0.94,1.284,-66.0,-0.777,71.4,1.41
2004,BE34,Luxembourg,G3000,Maïs fourrager,8.1,364.5,45.0,False,7.69,941.6,615.5,12.6,516.3,490.8,-0.79,-1.154,-118.1,-0.847,-25.7,-0.457,-0.68,-0.93,17.9,0.21,-26.0,-0.512
2005,BE34,Luxembourg,G3000,Maïs fourrager,8.0,379.4,47.425,False,8.08,801.3,635.7,13.2,432.3,507.8,-0.4,-0.583,-258.4,-1.852,-5.5,-0.098,-0.08,-0.11,-66.1,-0.778,-9.0,-0.177
2006,BE34,Luxembourg,G3000,Maïs fourrager,7.6,295.8,38.921,False,8.56,1063.5,634.6,13.68,571.2,510.8,0.08,0.119,3.8,0.027,-6.6,-0.118,0.4,0.546,72.8,0.857,-6.0,-0.118
2007,BE34,Luxembourg,G3000,Maïs fourrager,7.6,360.2,47.395,False,8.63,1178.1,605.7,13.15,593.7,482.1,0.15,0.222,118.4,0.848,-35.5,-0.632,-0.13,-0.178,95.3,1.122,-34.7,-0.684
2008,BE34,Luxembourg,G3000,Maïs fourrager,8.2,388.9,47.427,False,7.91,1137.6,587.2,12.49,543.2,469.2,-0.57,-0.832,77.9,0.558,-54.0,-0.961,-0.79,-1.08,44.8,0.527,-47.6,-0.939
2009,BE34,Luxembourg,G3000,Maïs fourrager,,406.3,,False,8.05,1049.5,623.9,13.44,504.4,511.1,-0.43,-0.627,-10.2,-0.073,-17.3,-0.308,0.16,0.218,6.0,0.07,-5.7,-0.112
2010,BE34,Luxembourg,G3000,Maïs fourrager,8.2,350.5,42.744,False,6.87,970.0,617.1,12.46,489.2,498.2,-1.61,-2.354,-89.7,-0.643,-24.1,-0.429,-0.82,-1.121,-9.2,-0.108,-18.6,-0.366
2011,BE34,Luxembourg,G3000,Maïs fourrager,8.0,,,False,8.91,892.2,663.7,13.59,458.4,527.4,0.43,0.632,-167.5,-1.201,22.5,0.4,0.31,0.423,-40.0,-0.471,10.6,0.21
2012,BE34,Luxembourg,G3000,Maïs fourrager,7.9,326.9,41.38,False,8.0,1131.2,603.3,12.54,609.1,472.8,-0.48,-0.7,71.5,0.512,-37.9,-0.674,-0.74,-1.012,110.7,1.303,-44.0,-0.868
2013,BE34,Luxembourg,G3000,Maïs fourrager,7.6,306.9,40.382,False,7.44,1005.1,586.1,12.58,524.2,475.2,-1.04,-1.52,-54.6,-0.392,-55.1,-0.98,-0.7,-0.957,25.8,0.303,-41.6,-0.82
2014,BE34,Luxembourg,G3000,Maïs fourrager,7.47,354.94,47.515,False,9.21,1010.0,626.5,13.29,505.1,493.8,0.73,1.071,-49.7,-0.356,-14.7,-0.262,0.01,0.013,6.7,0.079,-23.0,-0.453
2015,BE34,Luxembourg,G3000,Maïs fourrager,7.12,299.96,42.129,False,8.69,918.0,654.0,13.22,457.7,538.1,0.21,0.31,-141.7,-1.016,12.8,0.227,-0.06,-0.083,-40.7,-0.479,21.3,0.421
2016,BE34,Luxembourg,G3000,Maïs fourrager,7.22,324.34,44.922,False,8.32,1068.7,602.5,13.49,547.9,486.9,-0.16,-0.232,9.0,0.064,-38.7,-0.688,0.21,0.286,49.5,0.582,-29.9,-0.589
2017,BE34,Luxembourg,G3000,Maïs fourrager,7.25,366.55,50.559,False,8.45,977.5,625.5,13.21,449.4,501.3,-0.03,-0.042,-82.2,-0.589,-15.7,-0.28,-0.07,-0.096,-49.0,-0.577,-15.5,-0.305
2018,BE34,Luxembourg,G3000,Maïs fourrager,7.96,347.62,43.671,False,9.36,931.1,748.7,15.12,343.1,613.2,0.88,1.29,-128.6,-0.922,107.5,1.911,1.84,2.514,-155.3,-1.828,96.4,1.903
2019,BE34,Luxembourg,G3000,Maïs fourrager,7.9,332.83,42.13,False,8.97,1185.0,703.1,13.66,426.3,575.4,0.49,0.719,125.3,0.898,61.9,1.1,0.38,0.519,-72.1,-0.849,58.6,1.157
2020,BE34,Luxembourg,G3000,Maïs fourrager,8.37,365.25,43.638,False,9.6,1181.9,742.6,14.43,348.2,623.1,1.12,1.641,122.2,0.875,101.4,1.803,1.15,1.571,-150.2,-1.768,106.3,2.098
2021,BE34,Luxembourg,G3000,Maïs fourrager,8.75,375.96,42.967,False,7.94,1125.2,603.9,12.33,582.3,476.1,-0.54,-0.788,65.5,0.469,-37.3,-0.664,-0.95,-1.299,83.9,0.987,-40.7,-0.802
2022,BE34,Luxembourg,G3000,Maïs fourrager,8.53,392.02,45.958,False,9.53,929.7,768.7,14.18,373.6,618.6,1.05,1.539,-130.0,-0.932,127.5,2.267,0.9,1.23,-124.8,-1.469,101.8,2.009
2023,BE34,Luxembourg,G3000,Maïs fourrager,8.78,410.73,46.78,False,9.36,1271.8,681.6,14.02,473.9,564.0,0.88,1.29,212.1,1.52,40.4,0.718,0.74,1.011,-24.5,-0.289,47.2,0.932
2024,BE34,Luxembourg,G3000,Maïs fourrager,9.2,371.91,40.425,False,9.13,1363.3,597.5,13.39,669.2,478.6,0.65,0.954,303.6,2.175,-43.7,-0.777,0.11,0.15,170.8,2.01,-38.2,-0.753
2000,BE35,Namur,G3000,Maïs fourrager,10.5,430.6,41.01,False,10.82,958.0,652.5,14.91,554.0,497.5,0.12,0.211,121.7,0.964,-61.7,-1.212,-0.38,-0.631,137.2,1.593,-58.6,-1.303
2001,BE35,Namur,G3000,Maïs fourrager,11.5,464.6,40.4,False,10.36,991.4,676.9,14.64,488.3,530.5,-0.34,-0.628,155.1,1.228,-37.3,-0.732,-0.65,-1.086,71.5,0.83,-25.6,-0.569
2002,BE35,Namur,G3000,Maïs fourrager,11.4,520.6,45.667,False,10.97,966.3,674.4,14.94,426.1,509.7,0.27,0.484,130.0,1.029,-39.8,-0.782,-0.35,-0.581,9.3,0.108,-46.4,-1.032
2003,BE35,Namur,G3000,Maïs fourrager,11.6,521.4,44.948,False,10.85,652.7,793.9,16.33,346.6,625.0,0.15,0.265,-183.6,-1.454,79.7,1.567,1.04,1.758,-70.2,-0.815,68.9,1.532
2004,BE35,Namur,G3000,Maïs fourrager,11.5,481.0,41.826,False,10.28,733.5,700.0,14.99,388.5,540.9,-0.42,-0.773,-102.8,-0.815,-14.2,-0.278,-0.3,-0.497,-28.3,-0.329,-15.2,-0.338
2005,BE35,Namur,G3000,Maïs fourrager,11.0,488.8,44.436,False,10.66,672.3,705.8,15.32,381.8,544.4,-0.04,-0.081,-164.0,-1.299,-8.4,-0.164,0.03,0.059,-35.0,-0.406,-11.7,-0.26
2006,BE35,Namur,G3000,Maïs fourrager,10.7,381.6,35.664,False,10.94,785.5,705.9,15.93,423.6,550.0,0.24,0.429,-50.8,-0.403,-8.3,-0.162,0.64,1.085,6.8,0.079,-6.1,-0.136
2007,BE35,Namur,G3000,Maïs fourrager,10.6,529.5,49.953,False,11.02,885.3,682.3,15.4,475.2,528.4,0.32,0.575,49.0,0.388,-31.9,-0.626,0.11,0.193,58.4,0.678,-27.7,-0.616
2008,BE35,Namur,G3000,Maïs fourrager,11.7,564.1,48.214,False,10.37,839.3,670.8,14.77,436.4,517.7,-0.33,-0.609,3.0,0.023,-43.4,-0.852,-0.52,-0.867,19.6,0.227,-38.4,-0.854
2009,BE35,Namur,G3000,Maïs fourrager,,553.4,,False,10.45,804.3,708.1,15.61,375.7,561.5,-0.25,-0.464,-32.0,-0.254,-6.1,-0.119,0.32,0.547,-41.1,-0.477,5.4,0.12
2010,BE35,Namur,G3000,Maïs fourrager,12.3,526.2,42.78,False,9.26,823.9,689.1,14.68,424.8,546.6,-1.44,-2.632,-12.4,-0.099,-25.1,-0.493,-0.61,-1.018,8.0,0.093,-9.5,-0.211
2011,BE35,Namur,G3000,Maïs fourrager,12.0,,,False,11.27,716.5,734.2,15.76,397.1,570.2,0.57,1.031,-119.8,-0.949,20.0,0.394,0.47,0.799,-19.7,-0.229,14.1,0.313
2012,BE35,Namur,G3000,Maïs fourrager,11.6,539.3,46.491,False,10.35,880.7,677.6,14.71,460.9,522.7,-0.35,-0.646,44.4,0.351,-36.6,-0.719,-0.58,-0.968,44.1,0.512,-33.4,-0.743
2013,BE35,Namur,G3000,Maïs fourrager,11.3,522.4,46.23,False,9.83,742.0,669.4,14.79,349.6,524.2,-0.87,-1.594,-94.3,-0.747,-44.8,-0.88,-0.5,-0.833,-67.2,-0.78,-31.9,-0.71
2014,BE35,Namur,G3000,Maïs fourrager,11.44,539.6,47.168,False,11.62,826.3,701.9,15.48,441.4,526.6,0.92,1.669,-10.0,-0.08,-12.3,-0.241,0.19,0.328,24.6,0.286,-29.5,-0.656
2015,BE35,Namur,G3000,Maïs fourrager,11.07,488.72,44.148,False,11.0,734.9,724.8,15.12,352.8,570.1,0.3,0.539,-101.4,-0.803,10.6,0.209,-0.17,-0.278,-64.0,-0.743,14.0,0.311
2016,BE35,Namur,G3000,Maïs fourrager,11.13,470.92,42.311,False,10.76,839.1,679.6,15.76,425.7,533.4,0.06,0.101,2.8,0.022,-34.6,-0.679,0.47,0.799,8.9,0.103,-22.7,-0.505
2017,BE35,Namur,G3000,Maïs fourrager,10.79,468.76,43.444,False,10.44,807.0,700.4,14.93,408.0,541.3,-0.26,-0.482,-29.3,-0.232,-13.8,-0.27,-0.36,-0.598,-8.8,-0.102,-14.8,-0.329
2018,BE35,Namur,G3000,Maïs fourrager,12.0,494.7,41.225,False,11.07,686.1,812.1,16.6,264.7,646.6,0.37,0.666,-150.2,-1.19,97.9,1.925,1.31,2.213,-152.1,-1.766,90.5,2.012
2019,BE35,Namur,G3000,Maïs fourrager,11.87,467.9,39.419,False,10.7,841.9,755.5,15.13,331.7,594.0,-0.0,-0.008,5.6,0.044,41.3,0.813,-0.16,-0.261,-85.1,-0.988,37.9,0.842
2020,BE35,Namur,G3000,Maïs fourrager,12.28,510.4,41.564,False,11.38,833.9,811.6,15.96,304.4,650.8,0.68,1.231,-2.4,-0.019,97.4,1.915,0.67,1.136,-112.4,-1.305,94.7,2.105
2021,BE35,Namur,G3000,Maïs fourrager,12.94,550.23,42.522,False,9.73,1038.2,660.6,13.95,592.7,507.5,-0.97,-1.776,201.9,1.599,-53.6,-1.053,-1.34,-2.247,175.9,2.042,-48.6,-1.081
2022,BE35,Namur,G3000,Maïs fourrager,12.6,558.4,44.317,False,11.26,678.1,828.0,15.68,281.4,640.0,0.56,1.013,-158.2,-1.253,113.8,2.238,0.39,0.664,-135.4,-1.572,83.9,1.865
2023,BE35,Namur,G3000,Maïs fourrager,12.16,553.17,45.491,False,11.2,1073.5,758.2,15.56,494.9,597.7,0.5,0.903,237.2,1.878,44.0,0.866,0.27,0.462,78.1,0.907,41.6,0.925
2024,BE35,Namur,G3000,Maïs fourrager,13.11,516.98,39.434,False,11.02,1097.8,680.4,15.18,593.9,525.5,0.32,0.575,261.5,2.071,-33.8,-0.664,-0.11,-0.177,177.1,2.056,-30.6,-0.681
2000,BE3,Wallonie,I1110,Colza,4.5,13.6,3.022,False,10.358,989.28,639.88,14.494,550.64,492.0,0.02,0.037,116.9,0.933,-63.0,-1.185,-0.44,-0.706,123.9,1.575,-58.0,-1.246
2001,BE3,Wallonie,I1110,Colza,4.9,18.0,3.673,False,9.876,1013.8,659.22,14.146,492.7,518.36,-0.46,-0.771,141.4,1.129,-43.7,-0.822,-0.79,-1.261,66.0,0.839,-31.6,-0.679
2002,BE3,Wallonie,I1110,Colza,5.0,17.9,3.58,False,10.498,975.88,661.48,14.504,404.44,503.68,0.16,0.271,103.5,0.826,-41.4,-0.779,-0.43,-0.69,-22.3,-0.283,-46.3,-0.995
2003,BE3,Wallonie,I1110,Colza,4.5,16.4,3.644,False,10.376,678.1600000000001,780.04,15.895999999999995,355.18,616.48,0.04,0.067,-194.2,-1.55,77.1,1.451,0.96,1.526,-71.5,-0.909,66.5,1.429
2004,BE3,Wallonie,I1110,Colza,5.5,22.6,4.109,False,9.802,770.3199999999999,684.1,14.52,409.2,530.54,-0.53,-0.896,-102.1,-0.815,-18.8,-0.354,-0.42,-0.665,-17.5,-0.223,-19.4,-0.418
2005,BE3,Wallonie,I1110,Colza,5.5,23.5,4.273,False,10.152,703.22,689.1800000000001,14.866,399.6,534.6,-0.18,-0.309,-169.2,-1.35,-13.7,-0.258,-0.07,-0.114,-27.1,-0.345,-15.4,-0.33
2006,BE3,Wallonie,I1110,Colza,8.7,30.7,3.529,False,10.504,831.5,695.52,15.5,452.36,544.8,0.17,0.281,-40.9,-0.326,-7.4,-0.139,0.56,0.896,25.6,0.326,-5.2,-0.111
2007,BE3,Wallonie,I1110,Colza,9.8,37.0,3.776,False,10.564,922.94,668.28,14.948000000000002,482.54,519.3199999999999,0.23,0.382,50.6,0.404,-34.6,-0.651,0.01,0.017,55.8,0.71,-30.7,-0.659
2008,BE3,Wallonie,I1110,Colza,8.2,31.6,3.854,False,9.904,883.9199999999998,657.4399999999999,14.332,452.58,511.0200000000001,-0.43,-0.725,11.5,0.092,-45.5,-0.855,-0.61,-0.964,25.9,0.329,-39.0,-0.837
2009,BE3,Wallonie,I1110,Colza,9.2,39.8,4.326,False,10.014,826.04,695.9399999999999,15.212,373.74,554.88,-0.32,-0.54,-46.3,-0.37,-7.0,-0.131,0.27,0.437,-53.0,-0.673,4.9,0.105
2010,BE3,Wallonie,I1110,Colza,10.6,42.8,4.038,False,8.774000000000001,849.32,672.8399999999999,14.206,427.04,535.8,-1.56,-2.619,-23.1,-0.184,-30.1,-0.565,-0.73,-1.165,0.3,0.004,-14.2,-0.305
2011,BE3,Wallonie,I1110,Colza,11.0,50.0,4.545,False,10.814,722.26,720.1800000000001,15.306,381.76,561.0,0.48,0.801,-150.1,-1.198,17.3,0.325,0.37,0.587,-45.0,-0.571,11.0,0.237
2012,BE3,Wallonie,I1110,Colza,11.8,45.2,3.831,False,9.886,912.44,664.6800000000001,14.278,467.02,514.48,-0.45,-0.755,40.1,0.32,-38.2,-0.719,-0.66,-1.05,40.3,0.512,-35.5,-0.763
2013,BE3,Wallonie,I1110,Colza,13.5,52.2,3.867,False,9.378,787.2,654.96,14.346,376.98,515.76,-0.96,-1.606,-85.2,-0.68,-47.9,-0.902,-0.59,-0.942,-49.7,-0.632,-34.2,-0.735
2014,BE3,Wallonie,I1110,Colza,11.58,50.62,4.371,False,11.146,862.46,686.1600000000001,15.03,461.18,517.3799999999999,0.81,1.358,-9.9,-0.079,-16.7,-0.315,0.09,0.147,34.5,0.438,-32.6,-0.7
2015,BE3,Wallonie,I1110,Colza,10.64,45.77,4.302,False,10.553999999999998,767.76,714.4,14.742,367.0,565.86,0.22,0.365,-104.6,-0.835,11.5,0.216,-0.2,-0.311,-59.7,-0.759,15.9,0.341
2016,BE3,Wallonie,I1110,Colza,10.92,37.59,3.442,False,10.303999999999998,875.8800000000001,667.1,15.303999999999998,448.52,525.7,-0.03,-0.054,3.5,0.028,-35.8,-0.673,0.37,0.584,21.8,0.277,-24.3,-0.522
2017,BE3,Wallonie,I1110,Colza,10.13,43.59,4.303,False,10.248,839.9,693.6,14.76,410.08,538.64,-0.09,-0.148,-32.5,-0.259,-9.3,-0.175,-0.18,-0.283,-16.6,-0.211,-11.3,-0.243
2018,BE3,Wallonie,I1110,Colza,10.58,40.6,3.837,False,10.88,731.7,800.5,16.410000000000004,283.42,639.1200000000001,0.54,0.912,-140.7,-1.123,97.6,1.835,1.47,2.345,-143.3,-1.821,89.1,1.916
2019,BE3,Wallonie,I1110,Colza,8.59,30.72,3.576,False,10.55,902.66,751.4,15.0,353.76,593.9399999999999,0.21,0.359,30.3,0.242,48.5,0.912,0.06,0.1,-73.0,-0.927,44.0,0.945
2020,BE3,Wallonie,I1110,Colza,7.47,27.82,3.724,False,11.222,887.3399999999999,806.98,15.786,316.54,648.02,0.89,1.485,15.0,0.119,104.1,1.957,0.85,1.351,-110.2,-1.4,98.0,2.107
2021,BE3,Wallonie,I1110,Colza,7.48,25.48,3.406,False,9.574000000000002,1036.44,657.0,13.791999999999998,558.64,506.0,-0.76,-1.278,164.1,1.31,-45.9,-0.863,-1.15,-1.824,131.9,1.677,-44.0,-0.945
2022,BE3,Wallonie,I1110,Colza,7.81,33.67,4.311,False,11.13,758.48,827.3,15.614,331.98,644.08,0.79,1.331,-113.9,-0.909,124.4,2.34,0.68,1.077,-94.7,-1.204,94.1,2.022
2023,BE3,Wallonie,I1110,Colza,11.12,41.63,3.744,False,11.052,1122.16,752.1600000000001,15.448000000000002,501.66,595.6800000000001,0.72,1.2,249.8,1.994,49.3,0.926,0.51,0.813,74.9,0.953,45.7,0.982
2024,BE3,Wallonie,I1110,Colza,9.55,32.02,3.353,False,10.844,1158.24,672.3399999999999,14.998,609.2,522.14,0.51,0.851,285.9,2.282,-30.6,-0.575,0.06,0.096,182.5,2.32,-27.8,-0.598
2000,BE31,Brabant wallon,I1110,Colza,0.1,0.3,3.0,False,10.63,936.2,659.5,14.66,550.7,498.5,-0.01,-0.017,137.4,1.113,-61.6,-1.153,-0.48,-0.752,151.0,1.845,-60.8,-1.289
2001,BE31,Brabant wallon,I1110,Colza,0.1,0.2,2.0,False,10.14,954.9,679.3,14.38,476.9,531.8,-0.5,-0.81,156.1,1.265,-41.8,-0.782,-0.76,-1.189,77.2,0.943,-27.5,-0.583
2002,BE31,Brabant wallon,I1110,Colza,0.0,0.1,,False,10.74,909.4,673.7,14.66,405.9,505.7,0.1,0.161,110.6,0.896,-47.4,-0.887,-0.48,-0.752,6.2,0.076,-53.6,-1.136
2003,BE31,Brabant wallon,I1110,Colza,0.1,0.3,3.0,False,10.61,612.7,788.5,15.98,325.3,619.5,-0.03,-0.05,-186.1,-1.508,67.4,1.264,0.84,1.31,-74.4,-0.908,60.2,1.274
2004,BE31,Brabant wallon,I1110,Colza,0.1,0.4,4.0,False,10.15,700.7,705.7,14.76,360.4,542.0,-0.49,-0.794,-98.1,-0.795,-15.4,-0.288,-0.38,-0.595,-39.3,-0.479,-17.3,-0.367
2005,BE31,Brabant wallon,I1110,Colza,0.1,0.5,5.0,False,10.45,658.1,701.6,14.97,393.8,538.0,-0.19,-0.309,-140.7,-1.14,-19.5,-0.365,-0.17,-0.267,-5.9,-0.072,-21.3,-0.452
2006,BE31,Brabant wallon,I1110,Colza,0.4,1.2,3.0,False,10.78,742.6,714.3,15.7,407.3,554.2,0.14,0.225,-56.2,-0.455,-6.8,-0.127,0.56,0.873,7.6,0.093,-5.1,-0.109
2007,BE31,Brabant wallon,I1110,Colza,0.5,1.9,3.8,False,10.84,814.5,686.6,15.14,430.8,528.6,0.2,0.322,15.7,0.127,-34.5,-0.646,-0.0,-0.002,31.1,0.38,-30.7,-0.651
2008,BE31,Brabant wallon,I1110,Colza,0.4,2.1,5.25,False,10.18,774.8,679.1,14.52,418.2,522.6,-0.46,-0.746,-24.0,-0.194,-42.0,-0.786,-0.62,-0.97,18.5,0.226,-36.7,-0.778
2009,BE31,Brabant wallon,I1110,Colza,0.5,1.8,3.6,False,10.29,733.8,720.0,15.38,330.0,567.7,-0.35,-0.568,-65.0,-0.527,-1.1,-0.02,0.24,0.373,-69.7,-0.851,8.4,0.177
2010,BE31,Brabant wallon,I1110,Colza,0.5,2.2,4.4,False,9.02,814.9,687.9,14.36,409.3,545.7,-1.62,-2.623,16.1,0.13,-33.2,-0.621,-0.78,-1.22,9.6,0.118,-13.6,-0.289
2011,BE31,Brabant wallon,I1110,Colza,1.0,3.0,3.0,False,11.04,666.2,734.1,15.42,365.2,567.9,0.4,0.646,-132.6,-1.074,13.0,0.244,0.28,0.435,-34.5,-0.421,8.6,0.181
2012,BE31,Brabant wallon,I1110,Colza,0.7,3.0,4.286,False,10.12,849.7,681.8,14.42,433.8,525.8,-0.52,-0.843,50.9,0.412,-39.3,-0.736,-0.72,-1.126,34.1,0.417,-33.5,-0.71
2013,BE31,Brabant wallon,I1110,Colza,1.0,4.2,4.2,False,9.64,717.2,677.1,14.53,326.7,528.5,-1.0,-1.619,-81.6,-0.661,-44.0,-0.824,-0.61,-0.955,-73.0,-0.891,-30.8,-0.653
2014,BE31,Brabant wallon,I1110,Colza,0.81,3.47,4.284,False,11.38,836.2,701.5,15.18,464.0,520.9,0.74,1.196,37.4,0.303,-19.6,-0.366,0.04,0.061,64.3,0.786,-38.4,-0.814
2015,BE31,Brabant wallon,I1110,Colza,0.7,3.12,4.457,False,10.78,705.6,731.3,14.8,346.3,570.7,0.14,0.225,-93.2,-0.755,10.2,0.192,-0.34,-0.533,-53.4,-0.652,11.4,0.241
2016,BE31,Brabant wallon,I1110,Colza,0.76,2.83,3.724,False,10.6,804.5,688.5,15.5,414.5,537.0,-0.04,-0.066,5.7,0.046,-32.6,-0.61,0.36,0.56,14.8,0.181,-22.3,-0.473
2017,BE31,Brabant wallon,I1110,Colza,0.83,3.96,4.771,False,10.7,764.6,716.7,15.08,385.5,552.0,0.06,0.096,-34.2,-0.277,-4.4,-0.082,-0.06,-0.096,-14.2,-0.173,-7.3,-0.156
2018,BE31,Brabant wallon,I1110,Colza,0.89,3.73,4.191,False,11.23,628.9,818.3,16.67,237.0,651.0,0.59,0.953,-169.9,-1.376,97.2,1.822,1.53,2.388,-162.7,-1.986,91.7,1.941
2019,BE31,Brabant wallon,I1110,Colza,0.84,2.99,3.56,False,10.93,796.4,768.9,15.28,326.5,603.9,0.29,0.468,-2.4,-0.019,47.8,0.896,0.14,0.217,-73.2,-0.893,44.6,0.944
2020,BE31,Brabant wallon,I1110,Colza,0.78,3.13,4.013,False,11.58,781.9,826.7,16.0,296.1,656.8,0.94,1.52,-16.9,-0.137,105.6,1.979,0.86,1.341,-103.6,-1.265,97.5,2.064
2021,BE31,Brabant wallon,I1110,Colza,0.8,2.84,3.55,False,9.96,1003.0,670.1,14.08,553.8,513.9,-0.68,-1.102,204.2,1.654,-51.0,-0.955,-1.06,-1.657,154.1,1.882,-45.4,-0.963
2022,BE31,Brabant wallon,I1110,Colza,0.81,3.73,4.605,False,11.53,687.5,850.6,15.96,314.1,658.6,0.89,1.439,-111.3,-0.902,129.5,2.427,0.82,1.279,-85.6,-1.045,99.3,2.102
2023,BE31,Brabant wallon,I1110,Colza,1.12,4.67,4.17,False,11.47,1005.1,774.7,15.78,455.8,608.7,0.83,1.342,206.3,1.671,53.6,1.005,0.64,0.998,56.1,0.686,49.4,1.045
2024,BE31,Brabant wallon,I1110,Colza,1.14,4.23,3.711,False,11.23,1070.4,690.0,15.32,563.5,533.6,0.59,0.953,271.6,2.2,-31.1,-0.582,0.18,0.279,163.8,2.001,-25.7,-0.545
2000,BE32,Hainaut,I1110,Colza,0.5,1.7,3.4,False,11.01,930.8,665.5,15.03,517.4,505.6,-0.04,-0.06,127.9,0.976,-60.0,-1.132,-0.47,-0.758,130.0,1.682,-56.8,-1.237
2001,BE32,Hainaut,I1110,Colza,0.5,1.9,3.8,False,10.55,958.2,678.5,14.75,459.7,530.7,-0.5,-0.835,155.3,1.185,-47.0,-0.887,-0.75,-1.208,72.3,0.935,-31.7,-0.691
2002,BE32,Hainaut,I1110,Colza,0.6,2.1,3.5,False,11.19,925.4,679.8,15.03,379.5,511.4,0.14,0.243,122.5,0.934,-45.7,-0.862,-0.47,-0.758,-7.9,-0.102,-51.0,-1.111
2003,BE32,Hainaut,I1110,Colza,0.4,1.6,4.0,False,11.07,614.7,796.4,16.41,321.6,625.2,0.02,0.041,-188.2,-1.435,70.9,1.338,0.91,1.461,-65.8,-0.851,62.8,1.366
2004,BE32,Hainaut,I1110,Colza,0.6,2.4,4.0,False,10.65,657.0,716.0,15.24,333.2,550.8,-0.4,-0.666,-145.9,-1.112,-9.5,-0.179,-0.26,-0.421,-54.2,-0.7,-11.6,-0.253
2005,BE32,Hainaut,I1110,Colza,0.6,2.6,4.333,False,10.89,658.1,700.2,15.34,394.0,534.9,-0.16,-0.262,-144.8,-1.104,-25.3,-0.477,-0.16,-0.26,6.6,0.086,-27.5,-0.599
2006,BE32,Hainaut,I1110,Colza,1.2,4.1,3.417,False,11.18,746.2,713.0,16.06,401.8,552.8,0.13,0.226,-56.7,-0.432,-12.5,-0.236,0.56,0.898,14.4,0.187,-9.6,-0.209
2007,BE32,Hainaut,I1110,Colza,1.4,5.2,3.714,False,11.24,805.1,687.8,15.5,414.4,528.8,0.19,0.327,2.2,0.017,-37.7,-0.711,-0.0,-0.003,27.0,0.35,-33.6,-0.732
2008,BE32,Hainaut,I1110,Colza,0.9,3.3,3.667,False,10.61,811.9,685.8,14.94,418.5,529.7,-0.44,-0.734,9.0,0.069,-39.7,-0.749,-0.56,-0.903,31.1,0.403,-32.7,-0.712
2009,BE32,Hainaut,I1110,Colza,1.1,4.7,4.273,False,10.76,740.1,728.8,15.8,312.0,576.0,-0.29,-0.481,-62.8,-0.479,3.3,0.062,0.3,0.48,-75.4,-0.975,13.6,0.296
2010,BE32,Hainaut,I1110,Colza,1.3,5.5,4.231,False,9.49,793.9,691.8,14.77,390.5,547.6,-1.56,-2.621,-9.0,-0.068,-33.7,-0.636,-0.73,-1.176,3.1,0.041,-14.8,-0.323
2011,BE32,Hainaut,I1110,Colza,2.0,7.0,3.5,False,11.51,622.7,740.4,15.81,305.9,573.2,0.46,0.782,-180.2,-1.374,14.9,0.281,0.31,0.496,-81.5,-1.054,10.8,0.235
2012,BE32,Hainaut,I1110,Colza,1.8,7.0,3.889,False,10.52,829.5,684.1,14.76,413.9,526.1,-0.53,-0.885,26.6,0.203,-41.4,-0.781,-0.74,-1.192,26.5,0.343,-36.3,-0.791
2013,BE32,Hainaut,I1110,Colza,1.9,7.8,4.105,False,10.08,725.5,676.8,14.86,328.2,528.2,-0.97,-1.627,-77.4,-0.59,-48.7,-0.919,-0.64,-1.032,-59.2,-0.765,-34.2,-0.745
2014,BE32,Hainaut,I1110,Colza,1.58,7.28,4.608,False,11.76,794.8,705.0,15.55,413.1,524.3,0.71,1.203,-8.1,-0.062,-20.5,-0.387,0.05,0.078,25.7,0.333,-38.1,-0.83
2015,BE32,Hainaut,I1110,Colza,1.6,7.3,4.562,False,11.22,677.3,740.2,15.25,298.8,579.4,0.17,0.294,-125.6,-0.958,14.7,0.278,-0.25,-0.405,-88.6,-1.145,17.0,0.37
2016,BE32,Hainaut,I1110,Colza,1.39,4.78,3.439,False,11.01,793.6,693.4,15.85,401.1,540.3,-0.04,-0.06,-9.3,-0.071,-32.1,-0.605,0.35,0.56,13.7,0.178,-22.1,-0.482
2017,BE32,Hainaut,I1110,Colza,1.47,6.45,4.388,False,11.07,752.6,728.1,15.45,342.9,562.8,0.02,0.041,-50.3,-0.383,2.6,0.049,-0.05,-0.083,-44.5,-0.575,0.4,0.008
2018,BE32,Hainaut,I1110,Colza,1.7,6.44,3.788,False,11.57,692.9,821.1,16.9,278.0,651.1,0.52,0.883,-110.0,-0.839,95.6,1.804,1.4,2.248,-109.4,-1.414,88.7,1.93
2019,BE32,Hainaut,I1110,Colza,1.39,4.85,3.489,False,11.22,851.2,764.3,15.47,338.1,596.9,0.17,0.294,48.3,0.369,38.8,0.732,-0.03,-0.051,-49.3,-0.637,34.5,0.75
2020,BE32,Hainaut,I1110,Colza,1.14,4.16,3.649,False,11.93,815.0,828.2,16.33,308.6,656.1,0.88,1.49,12.1,0.092,102.7,1.938,0.83,1.332,-78.8,-1.019,93.7,2.039
2021,BE32,Hainaut,I1110,Colza,1.12,3.58,3.196,False,10.29,1011.9,678.6,14.41,512.5,521.1,-0.76,-1.273,209.0,1.594,-46.9,-0.885,-1.09,-1.755,125.1,1.618,-41.3,-0.899
2022,BE32,Hainaut,I1110,Colza,1.3,5.87,4.515,False,11.89,713.2,855.3,16.34,332.5,661.0,0.84,1.422,-89.7,-0.684,129.8,2.449,0.84,1.348,-54.9,-0.71,98.6,2.146
2023,BE32,Hainaut,I1110,Colza,1.79,6.6,3.687,False,11.83,1068.7,777.0,16.05,497.6,604.6,0.78,1.321,265.8,2.027,51.5,0.972,0.55,0.882,110.2,1.426,42.2,0.918
2024,BE32,Hainaut,I1110,Colza,1.67,5.7,3.413,False,11.6,1081.5,701.1,15.64,570.3,542.0,0.55,0.934,278.6,2.125,-24.4,-0.46,0.14,0.223,182.9,2.366,-20.4,-0.445
2000,BE33,Liège,I1110,Colza,0.5,1.6,3.2,False,10.93,942.8,649.7,15.13,528.6,498.2,0.12,0.203,78.7,0.618,-62.9,-1.171,-0.35,-0.578,97.3,1.133,-57.0,-1.262
2001,BE33,Liège,I1110,Colza,0.7,2.5,3.571,False,10.41,972.2,671.2,14.74,459.5,526.6,-0.4,-0.688,108.1,0.849,-41.4,-0.771,-0.74,-1.223,28.2,0.328,-28.6,-0.633
2002,BE33,Liège,I1110,Colza,0.6,2.4,4.0,False,11.05,929.3,668.7,15.13,383.0,507.6,0.24,0.408,65.2,0.512,-43.9,-0.817,-0.35,-0.578,-48.3,-0.562,-47.6,-1.054
2003,BE33,Liège,I1110,Colza,0.7,2.8,4.0,False,10.95,669.4,791.5,16.54,350.0,624.5,0.14,0.237,-194.7,-1.53,78.9,1.468,1.06,1.756,-81.3,-0.947,69.3,1.534
2004,BE33,Liège,I1110,Colza,0.9,3.6,4.0,False,10.24,818.8,683.3,15.01,447.6,528.2,-0.57,-0.979,-45.3,-0.356,-29.3,-0.545,-0.47,-0.776,16.3,0.19,-27.0,-0.598
2005,BE33,Liège,I1110,Colza,0.8,3.6,4.5,False,10.68,726.3,702.6,15.5,396.1,547.9,-0.13,-0.225,-137.8,-1.083,-10.0,-0.186,0.02,0.034,-35.2,-0.41,-7.3,-0.162
2006,BE33,Liège,I1110,Colza,1.5,5.7,3.8,False,11.06,819.7,709.8,16.13,457.9,556.2,0.25,0.425,-44.4,-0.349,-2.8,-0.052,0.65,1.077,26.6,0.31,1.0,0.022
2007,BE33,Liège,I1110,Colza,1.8,6.9,3.833,False,11.09,931.7,679.0,15.55,498.6,528.7,0.28,0.477,67.6,0.531,-33.6,-0.625,0.07,0.117,67.3,0.783,-26.5,-0.587
2008,BE33,Liège,I1110,Colza,1.4,5.3,3.786,False,10.45,856.0,664.3,14.94,446.6,515.9,-0.36,-0.619,-8.1,-0.064,-48.3,-0.899,-0.54,-0.892,15.3,0.178,-39.3,-0.87
2009,BE33,Liège,I1110,Colza,1.5,7.1,4.733,False,10.52,802.5,698.9,15.83,346.6,558.1,-0.29,-0.499,-61.6,-0.484,-13.7,-0.255,0.35,0.581,-84.7,-0.986,2.9,0.064
2010,BE33,Liège,I1110,Colza,2.0,8.6,4.3,False,9.23,843.9,678.3,14.76,421.4,540.9,-1.58,-2.708,-20.2,-0.159,-34.3,-0.638,-0.72,-1.19,-9.9,-0.115,-14.3,-0.317
2011,BE33,Liège,I1110,Colza,2.0,10.0,5.0,False,11.34,713.7,728.5,15.95,382.2,566.3,0.53,0.905,-150.4,-1.182,15.9,0.296,0.47,0.779,-49.1,-0.572,11.1,0.245
2012,BE33,Liège,I1110,Colza,2.1,8.5,4.048,False,10.44,871.1,676.6,14.96,417.4,525.0,-0.37,-0.636,7.0,0.055,-36.0,-0.67,-0.52,-0.859,-13.9,-0.162,-30.2,-0.669
2013,BE33,Liège,I1110,Colza,2.5,11.1,4.44,False,9.9,746.2,665.4,14.97,356.2,522.7,-0.91,-1.561,-117.9,-0.926,-47.2,-0.879,-0.51,-0.843,-75.1,-0.874,-32.5,-0.72
2014,BE33,Liège,I1110,Colza,2.06,9.94,4.825,False,11.76,845.0,695.9,15.65,482.3,521.3,0.95,1.624,-19.1,-0.15,-16.7,-0.311,0.17,0.283,51.0,0.594,-33.9,-0.751
2015,BE33,Liège,I1110,Colza,1.76,8.04,4.568,False,11.08,803.0,721.7,15.32,379.4,571.0,0.27,0.459,-61.1,-0.48,9.1,0.169,-0.16,-0.263,-51.9,-0.604,15.8,0.349
2016,BE33,Liège,I1110,Colza,2.03,7.82,3.852,False,10.83,873.5,671.5,15.92,453.4,530.9,0.02,0.032,9.4,0.074,-41.1,-0.765,0.44,0.729,22.1,0.257,-24.3,-0.538
2017,BE33,Liège,I1110,Colza,1.87,8.57,4.583,False,10.58,897.8,697.3,15.13,464.6,535.8,-0.23,-0.396,33.7,0.265,-15.3,-0.285,-0.35,-0.578,33.3,0.388,-19.4,-0.43
2018,BE33,Liège,I1110,Colza,1.9,7.59,3.995,False,11.17,719.5,802.3,16.76,294.3,633.7,0.36,0.614,-144.6,-1.136,89.7,1.669,1.28,2.12,-137.0,-1.595,78.5,1.737
2019,BE33,Liège,I1110,Colza,1.58,6.09,3.854,False,10.93,838.8,765.2,15.46,346.2,599.5,0.12,0.203,-25.3,-0.199,52.6,0.979,-0.02,-0.032,-85.1,-0.991,44.3,0.98
2020,BE33,Liège,I1110,Colza,1.03,4.26,4.136,False,11.62,824.0,825.8,16.21,325.4,653.3,0.81,1.384,-40.1,-0.315,113.2,2.107,0.73,1.209,-105.9,-1.233,98.1,2.171
2021,BE33,Liège,I1110,Colza,1.23,4.49,3.65,False,9.95,1003.9,671.8,14.19,551.9,511.4,-0.86,-1.475,139.8,1.098,-40.8,-0.759,-1.29,-2.134,120.6,1.404,-43.8,-0.97
2022,BE33,Liège,I1110,Colza,1.29,5.62,4.357,False,11.44,783.9,833.9,15.91,358.3,642.2,0.63,1.076,-80.2,-0.63,121.3,2.257,0.43,0.713,-73.0,-0.85,87.0,1.926
2023,BE33,Liège,I1110,Colza,1.87,7.13,3.813,False,11.4,1191.7,769.3,15.83,586.1,603.4,0.59,1.007,327.6,2.573,56.7,1.055,0.35,0.581,154.8,1.802,48.2,1.067
2024,BE33,Liège,I1110,Colza,1.53,5.2,3.399,False,11.24,1178.2,692.7,15.46,649.1,531.0,0.43,0.733,314.1,2.467,-19.9,-0.37,-0.02,-0.032,217.8,2.535,-24.2,-0.536
2000,BE34,Luxembourg,I1110,Colza,0.3,0.9,3.0,False,8.4,1178.6,572.2,12.74,602.5,460.2,-0.08,-0.115,118.9,0.852,-69.0,-1.227,-0.54,-0.739,104.1,1.225,-56.6,-1.116
2001,BE34,Luxembourg,I1110,Colza,0.3,0.9,3.0,False,7.92,1192.3,590.2,12.22,579.1,472.2,-0.56,-0.817,132.6,0.95,-51.0,-0.907,-1.06,-1.449,80.7,0.95,-44.6,-0.879
2002,BE34,Luxembourg,I1110,Colza,0.2,0.6,3.0,False,8.54,1149.0,610.8,12.76,427.7,484.0,0.06,0.09,89.3,0.64,-30.4,-0.541,-0.52,-0.711,-70.7,-0.832,-32.8,-0.647
2003,BE34,Luxembourg,I1110,Colza,0.2,0.5,2.5,False,8.4,841.3,729.9,14.22,432.4,588.2,-0.08,-0.115,-218.4,-1.565,88.7,1.577,0.94,1.284,-66.0,-0.777,71.4,1.41
2004,BE34,Luxembourg,I1110,Colza,0.3,0.9,3.0,False,7.69,941.6,615.5,12.6,516.3,490.8,-0.79,-1.154,-118.1,-0.847,-25.7,-0.457,-0.68,-0.93,17.9,0.21,-26.0,-0.512
2005,BE34,Luxembourg,I1110,Colza,0.2,0.7,3.5,False,8.08,801.3,635.7,13.2,432.3,507.8,-0.4,-0.583,-258.4,-1.852,-5.5,-0.098,-0.08,-0.11,-66.1,-0.778,-9.0,-0.177
2006,BE34,Luxembourg,I1110,Colza,0.4,1.4,3.5,False,8.56,1063.5,634.6,13.68,571.2,510.8,0.08,0.119,3.8,0.027,-6.6,-0.118,0.4,0.546,72.8,0.857,-6.0,-0.118
2007,BE34,Luxembourg,I1110,Colza,0.5,1.7,3.4,False,8.63,1178.1,605.7,13.15,593.7,482.1,0.15,0.222,118.4,0.848,-35.5,-0.632,-0.13,-0.178,95.3,1.122,-34.7,-0.684
2008,BE34,Luxembourg,I1110,Colza,0.4,1.5,3.75,False,7.91,1137.6,587.2,12.49,543.2,469.2,-0.57,-0.832,77.9,0.558,-54.0,-0.961,-0.79,-1.08,44.8,0.527,-47.6,-0.939
2009,BE34,Luxembourg,I1110,Colza,0.4,1.5,3.75,False,8.05,1049.5,623.9,13.44,504.4,511.1,-0.43,-0.627,-10.2,-0.073,-17.3,-0.308,0.16,0.218,6.0,0.07,-5.7,-0.112
2010,BE34,Luxembourg,I1110,Colza,0.4,1.4,3.5,False,6.87,970.0,617.1,12.46,489.2,498.2,-1.61,-2.354,-89.7,-0.643,-24.1,-0.429,-0.82,-1.121,-9.2,-0.108,-18.6,-0.366
2011,BE34,Luxembourg,I1110,Colza,0.0,1.0,,False,8.91,892.2,663.7,13.59,458.4,527.4,0.43,0.632,-167.5,-1.201,22.5,0.4,0.31,0.423,-40.0,-0.471,10.6,0.21
2012,BE34,Luxembourg,I1110,Colza,0.4,1.3,3.25,False,8.0,1131.2,603.3,12.54,609.1,472.8,-0.48,-0.7,71.5,0.512,-37.9,-0.674,-0.74,-1.012,110.7,1.303,-44.0,-0.868
2013,BE34,Luxembourg,I1110,Colza,0.5,1.7,3.4,False,7.44,1005.1,586.1,12.58,524.2,475.2,-1.04,-1.52,-54.6,-0.392,-55.1,-0.98,-0.7,-0.957,25.8,0.303,-41.6,-0.82
2014,BE34,Luxembourg,I1110,Colza,0.47,1.84,3.915,False,9.21,1010.0,626.5,13.29,505.1,493.8,0.73,1.071,-49.7,-0.356,-14.7,-0.262,0.01,0.013,6.7,0.079,-23.0,-0.453
2015,BE34,Luxembourg,I1110,Colza,0.57,2.17,3.807,False,8.69,918.0,654.0,13.22,457.7,538.1,0.21,0.31,-141.7,-1.016,12.8,0.227,-0.06,-0.083,-40.7,-0.479,21.3,0.421
2016,BE34,Luxembourg,I1110,Colza,0.62,2.07,3.339,False,8.32,1068.7,602.5,13.49,547.9,486.9,-0.16,-0.232,9.0,0.064,-38.7,-0.688,0.21,0.286,49.5,0.582,-29.9,-0.589
2017,BE34,Luxembourg,I1110,Colza,0.64,2.63,4.109,False,8.45,977.5,625.5,13.21,449.4,501.3,-0.03,-0.042,-82.2,-0.589,-15.7,-0.28,-0.07,-0.096,-49.0,-0.577,-15.5,-0.305
2018,BE34,Luxembourg,I1110,Colza,0.68,2.34,3.441,False,9.36,931.1,748.7,15.12,343.1,613.2,0.88,1.29,-128.6,-0.922,107.5,1.911,1.84,2.514,-155.3,-1.828,96.4,1.903
2019,BE34,Luxembourg,I1110,Colza,0.5,1.64,3.28,False,8.97,1185.0,703.1,13.66,426.3,575.4,0.49,0.719,125.3,0.898,61.9,1.1,0.38,0.519,-72.1,-0.849,58.6,1.157
2020,BE34,Luxembourg,I1110,Colza,0.5,1.63,3.26,False,9.6,1181.9,742.6,14.43,348.2,623.1,1.12,1.641,122.2,0.875,101.4,1.803,1.15,1.571,-150.2,-1.768,106.3,2.098
2021,BE34,Luxembourg,I1110,Colza,0.32,0.92,2.875,False,7.94,1125.2,603.9,12.33,582.3,476.1,-0.54,-0.788,65.5,0.469,-37.3,-0.664,-0.95,-1.299,83.9,0.987,-40.7,-0.802
2022,BE34,Luxembourg,I1110,Colza,0.42,1.69,4.024,False,9.53,929.7,768.7,14.18,373.6,618.6,1.05,1.539,-130.0,-0.932,127.5,2.267,0.9,1.23,-124.8,-1.469,101.8,2.009
2023,BE34,Luxembourg,I1110,Colza,0.56,2.08,3.714,False,9.36,1271.8,681.6,14.02,473.9,564.0,0.88,1.29,212.1,1.52,40.4,0.718,0.74,1.011,-24.5,-0.289,47.2,0.932
2024,BE34,Luxembourg,I1110,Colza,0.7,2.47,3.529,False,9.13,1363.3,597.5,13.39,669.2,478.6,0.65,0.954,303.6,2.175,-43.7,-0.777,0.11,0.15,170.8,2.01,-38.2,-0.753
2000,BE35,Namur,I1110,Colza,3.0,9.1,3.033,False,10.82,958.0,652.5,14.91,554.0,497.5,0.12,0.211,121.7,0.964,-61.7,-1.212,-0.38,-0.631,137.2,1.593,-58.6,-1.303
2001,BE35,Namur,I1110,Colza,3.4,12.4,3.647,False,10.36,991.4,676.9,14.64,488.3,530.5,-0.34,-0.628,155.1,1.228,-37.3,-0.732,-0.65,-1.086,71.5,0.83,-25.6,-0.569
2002,BE35,Namur,I1110,Colza,3.5,12.7,3.629,False,10.97,966.3,674.4,14.94,426.1,509.7,0.27,0.484,130.0,1.029,-39.8,-0.782,-0.35,-0.581,9.3,0.108,-46.4,-1.032
2003,BE35,Namur,I1110,Colza,3.1,11.1,3.581,False,10.85,652.7,793.9,16.33,346.6,625.0,0.15,0.265,-183.6,-1.454,79.7,1.567,1.04,1.758,-70.2,-0.815,68.9,1.532
2004,BE35,Namur,I1110,Colza,3.7,15.2,4.108,False,10.28,733.5,700.0,14.99,388.5,540.9,-0.42,-0.773,-102.8,-0.815,-14.2,-0.278,-0.3,-0.497,-28.3,-0.329,-15.2,-0.338
2005,BE35,Namur,I1110,Colza,3.8,16.0,4.211,False,10.66,672.3,705.8,15.32,381.8,544.4,-0.04,-0.081,-164.0,-1.299,-8.4,-0.164,0.03,0.059,-35.0,-0.406,-11.7,-0.26
2006,BE35,Namur,I1110,Colza,5.2,18.3,3.519,False,10.94,785.5,705.9,15.93,423.6,550.0,0.24,0.429,-50.8,-0.403,-8.3,-0.162,0.64,1.085,6.8,0.079,-6.1,-0.136
2007,BE35,Namur,I1110,Colza,5.6,21.4,3.821,False,11.02,885.3,682.3,15.4,475.2,528.4,0.32,0.575,49.0,0.388,-31.9,-0.626,0.11,0.193,58.4,0.678,-27.7,-0.616
2008,BE35,Namur,I1110,Colza,5.1,19.5,3.824,False,10.37,839.3,670.8,14.77,436.4,517.7,-0.33,-0.609,3.0,0.023,-43.4,-0.852,-0.52,-0.867,19.6,0.227,-38.4,-0.854
2009,BE35,Namur,I1110,Colza,5.7,24.7,4.333,False,10.45,804.3,708.1,15.61,375.7,561.5,-0.25,-0.464,-32.0,-0.254,-6.1,-0.119,0.32,0.547,-41.1,-0.477,5.4,0.12
2010,BE35,Namur,I1110,Colza,6.3,25.1,3.984,False,9.26,823.9,689.1,14.68,424.8,546.6,-1.44,-2.632,-12.4,-0.099,-25.1,-0.493,-0.61,-1.018,8.0,0.093,-9.5,-0.211
2011,BE35,Namur,I1110,Colza,7.0,29.0,4.143,False,11.27,716.5,734.2,15.76,397.1,570.2,0.57,1.031,-119.8,-0.949,20.0,0.394,0.47,0.799,-19.7,-0.229,14.1,0.313
2012,BE35,Namur,I1110,Colza,6.8,25.5,3.75,False,10.35,880.7,677.6,14.71,460.9,522.7,-0.35,-0.646,44.4,0.351,-36.6,-0.719,-0.58,-0.968,44.1,0.512,-33.4,-0.743
2013,BE35,Namur,I1110,Colza,7.7,27.4,3.558,False,9.83,742.0,669.4,14.79,349.6,524.2,-0.87,-1.594,-94.3,-0.747,-44.8,-0.88,-0.5,-0.833,-67.2,-0.78,-31.9,-0.71
2014,BE35,Namur,I1110,Colza,6.66,28.09,4.218,False,11.62,826.3,701.9,15.48,441.4,526.6,0.92,1.669,-10.0,-0.08,-12.3,-0.241,0.19,0.328,24.6,0.286,-29.5,-0.656
2015,BE35,Namur,I1110,Colza,6.02,25.13,4.174,False,11.0,734.9,724.8,15.12,352.8,570.1,0.3,0.539,-101.4,-0.803,10.6,0.209,-0.17,-0.278,-64.0,-0.743,14.0,0.311
2016,BE35,Namur,I1110,Colza,6.12,20.1,3.284,False,10.76,839.1,679.6,15.76,425.7,533.4,0.06,0.101,2.8,0.022,-34.6,-0.679,0.47,0.799,8.9,0.103,-22.7,-0.505
2017,BE35,Namur,I1110,Colza,5.32,21.98,4.132,False,10.44,807.0,700.4,14.93,408.0,541.3,-0.26,-0.482,-29.3,-0.232,-13.8,-0.27,-0.36,-0.598,-8.8,-0.102,-14.8,-0.329
2018,BE35,Namur,I1110,Colza,5.41,20.5,3.789,False,11.07,686.1,812.1,16.6,264.7,646.6,0.37,0.666,-150.2,-1.19,97.9,1.925,1.31,2.213,-152.1,-1.766,90.5,2.012
2019,BE35,Namur,I1110,Colza,4.28,15.15,3.54,False,10.7,841.9,755.5,15.13,331.7,594.0,-0.0,-0.008,5.6,0.044,41.3,0.813,-0.16,-0.261,-85.1,-0.988,37.9,0.842
2020,BE35,Namur,I1110,Colza,4.02,14.64,3.642,False,11.38,833.9,811.6,15.96,304.4,650.8,0.68,1.231,-2.4,-0.019,97.4,1.915,0.67,1.136,-112.4,-1.305,94.7,2.105
2021,BE35,Namur,I1110,Colza,4.01,13.66,3.406,False,9.73,1038.2,660.6,13.95,592.7,507.5,-0.97,-1.776,201.9,1.599,-53.6,-1.053,-1.34,-2.247,175.9,2.042,-48.6,-1.081
2022,BE35,Namur,I1110,Colza,4.0,16.77,4.192,False,11.26,678.1,828.0,15.68,281.4,640.0,0.56,1.013,-158.2,-1.253,113.8,2.238,0.39,0.664,-135.4,-1.572,83.9,1.865
2023,BE35,Namur,I1110,Colza,5.78,21.14,3.657,False,11.2,1073.5,758.2,15.56,494.9,597.7,0.5,0.903,237.2,1.878,44.0,0.866,0.27,0.462,78.1,0.907,41.6,0.925
2024,BE35,Namur,I1110,Colza,4.51,14.43,3.2,False,11.02,1097.8,680.4,15.18,593.9,525.5,0.32,0.575,261.5,2.071,-33.8,-0.664,-0.11,-0.177,177.1,2.056,-30.6,-0.681
2000,BE3,Wallonie,R1000,Pomme de terre,22.7,1014.0,44.67,False,10.358,989.28,639.88,14.494,550.64,492.0,0.02,0.037,116.9,0.933,-63.0,-1.185,-0.44,-0.706,123.9,1.575,-58.0,-1.246
2001,BE3,Wallonie,R1000,Pomme de terre,21.7,899.2,41.438,False,9.876,1013.8,659.22,14.146,492.7,518.36,-0.46,-0.771,141.4,1.129,-43.7,-0.822,-0.79,-1.261,66.0,0.839,-31.6,-0.679
2002,BE3,Wallonie,R1000,Pomme de terre,21.7,1003.3,46.235,False,10.498,975.88,661.48,14.504,404.44,503.68,0.16,0.271,103.5,0.826,-41.4,-0.779,-0.43,-0.69,-22.3,-0.283,-46.3,-0.995
2003,BE3,Wallonie,R1000,Pomme de terre,22.4,951.2,42.464,False,10.376,678.1600000000001,780.04,15.895999999999995,355.18,616.48,0.04,0.067,-194.2,-1.55,77.1,1.451,0.96,1.526,-71.5,-0.909,66.5,1.429
2004,BE3,Wallonie,R1000,Pomme de terre,24.8,1176.8,47.452,False,9.802,770.3199999999999,684.1,14.52,409.2,530.54,-0.53,-0.896,-102.1,-0.815,-18.8,-0.354,-0.42,-0.665,-17.5,-0.223,-19.4,-0.418
2005,BE3,Wallonie,R1000,Pomme de terre,24.7,1073.4,43.457,False,10.152,703.22,689.1800000000001,14.866,399.6,534.6,-0.18,-0.309,-169.2,-1.35,-13.7,-0.258,-0.07,-0.114,-27.1,-0.345,-15.4,-0.33
2006,BE3,Wallonie,R1000,Pomme de terre,25.1,961.0,38.287,False,10.504,831.5,695.52,15.5,452.36,544.8,0.17,0.281,-40.9,-0.326,-7.4,-0.139,0.56,0.896,25.6,0.326,-5.2,-0.111
2007,BE3,Wallonie,R1000,Pomme de terre,25.5,1209.5,47.431,False,10.564,922.94,668.28,14.948000000000002,482.54,519.3199999999999,0.23,0.382,50.6,0.404,-34.6,-0.651,0.01,0.017,55.8,0.71,-30.7,-0.659
2008,BE3,Wallonie,R1000,Pomme de terre,25.9,1192.3,46.035,False,9.904,883.9199999999998,657.4399999999999,14.332,452.58,511.0200000000001,-0.43,-0.725,11.5,0.092,-45.5,-0.855,-0.61,-0.964,25.9,0.329,-39.0,-0.837
2009,BE3,Wallonie,R1000,Pomme de terre,31.3,1396.5,44.617,False,10.014,826.04,695.9399999999999,15.212,373.74,554.88,-0.32,-0.54,-46.3,-0.37,-7.0,-0.131,0.27,0.437,-53.0,-0.673,4.9,0.105
2010,BE3,Wallonie,R1000,Pomme de terre,35.1,1499.7,42.726,False,8.774000000000001,849.32,672.8399999999999,14.206,427.04,535.8,-1.56,-2.619,-23.1,-0.184,-30.1,-0.565,-0.73,-1.165,0.3,0.004,-14.2,-0.305
2011,BE3,Wallonie,R1000,Pomme de terre,34.0,710.04,20.884,True,10.814,722.26,720.1800000000001,15.306,381.76,561.0,0.48,0.801,-150.1,-1.198,17.3,0.325,0.37,0.587,-45.0,-0.571,11.0,0.237
2012,BE3,Wallonie,R1000,Pomme de terre,29.8,1249.3,41.923,False,9.886,912.44,664.6800000000001,14.278,467.02,514.48,-0.45,-0.755,40.1,0.32,-38.2,-0.719,-0.66,-1.05,40.3,0.512,-35.5,-0.763
2013,BE3,Wallonie,R1000,Pomme de terre,32.1,1450.2,45.178,False,9.378,787.2,654.96,14.346,376.98,515.76,-0.96,-1.606,-85.2,-0.68,-47.9,-0.902,-0.59,-0.942,-49.7,-0.632,-34.2,-0.735
2014,BE3,Wallonie,R1000,Pomme de terre,35.45,1779.95,50.21,False,11.146,862.46,686.1600000000001,15.03,461.18,517.3799999999999,0.81,1.358,-9.9,-0.079,-16.7,-0.315,0.09,0.147,34.5,0.438,-32.6,-0.7
2015,BE3,Wallonie,R1000,Pomme de terre,34.85,1641.17,47.092,False,10.553999999999998,767.76,714.4,14.742,367.0,565.86,0.22,0.365,-104.6,-0.835,11.5,0.216,-0.2,-0.311,-59.7,-0.759,15.9,0.341
2016,BE3,Wallonie,R1000,Pomme de terre,38.41,1526.02,39.73,False,10.303999999999998,875.8800000000001,667.1,15.303999999999998,448.52,525.7,-0.03,-0.054,3.5,0.028,-35.8,-0.673,0.37,0.584,21.8,0.277,-24.3,-0.522
2017,BE3,Wallonie,R1000,Pomme de terre,40.56,1982.64,48.882,False,10.248,839.9,693.6,14.76,410.08,538.64,-0.09,-0.148,-32.5,-0.259,-9.3,-0.175,-0.18,-0.283,-16.6,-0.211,-11.3,-0.243
2018,BE3,Wallonie,R1000,Pomme de terre,43.08,1418.67,32.931,False,10.88,731.7,800.5,16.410000000000004,283.42,639.1200000000001,0.54,0.912,-140.7,-1.123,97.6,1.835,1.47,2.345,-143.3,-1.821,89.1,1.916
2019,BE3,Wallonie,R1000,Pomme de terre,43.06,1701.59,39.517,False,10.55,902.66,751.4,15.0,353.76,593.9399999999999,0.21,0.359,30.3,0.242,48.5,0.912,0.06,0.1,-73.0,-0.927,44.0,0.945
2020,BE3,Wallonie,R1000,Pomme de terre,43.73,1700.24,38.88,False,11.222,887.3399999999999,806.98,15.786,316.54,648.02,0.89,1.485,15.0,0.119,104.1,1.957,0.85,1.351,-110.2,-1.4,98.0,2.107
2021,BE3,Wallonie,R1000,Pomme de terre,40.02,1716.34,42.887,False,9.574000000000002,1036.44,657.0,13.791999999999998,558.64,506.0,-0.76,-1.278,164.1,1.31,-45.9,-0.863,-1.15,-1.824,131.9,1.677,-44.0,-0.945
2022,BE3,Wallonie,R1000,Pomme de terre,40.9,1563.57,38.229,False,11.13,758.48,827.3,15.614,331.98,644.08,0.79,1.331,-113.9,-0.909,124.4,2.34,0.68,1.077,-94.7,-1.204,94.1,2.022
2023,BE3,Wallonie,R1000,Pomme de terre,40.88,1737.05,42.491,False,11.052,1122.16,752.1600000000001,15.448000000000002,501.66,595.6800000000001,0.72,1.2,249.8,1.994,49.3,0.926,0.51,0.813,74.9,0.953,45.7,0.982
2024,BE3,Wallonie,R1000,Pomme de terre,45.25,1770.12,39.119,False,10.844,1158.24,672.3399999999999,14.998,609.2,522.14,0.51,0.851,285.9,2.282,-30.6,-0.575,0.06,0.096,182.5,2.32,-27.8,-0.598
2000,BE31,Brabant wallon,R1000,Pomme de terre,2.9,133.5,46.034,False,10.63,936.2,659.5,14.66,550.7,498.5,-0.01,-0.017,137.4,1.113,-61.6,-1.153,-0.48,-0.752,151.0,1.845,-60.8,-1.289
2001,BE31,Brabant wallon,R1000,Pomme de terre,2.7,115.3,42.704,False,10.14,954.9,679.3,14.38,476.9,531.8,-0.5,-0.81,156.1,1.265,-41.8,-0.782,-0.76,-1.189,77.2,0.943,-27.5,-0.583
2002,BE31,Brabant wallon,R1000,Pomme de terre,2.8,133.7,47.75,False,10.74,909.4,673.7,14.66,405.9,505.7,0.1,0.161,110.6,0.896,-47.4,-0.887,-0.48,-0.752,6.2,0.076,-53.6,-1.136
2003,BE31,Brabant wallon,R1000,Pomme de terre,3.0,138.0,46.0,False,10.61,612.7,788.5,15.98,325.3,619.5,-0.03,-0.05,-186.1,-1.508,67.4,1.264,0.84,1.31,-74.4,-0.908,60.2,1.274
2004,BE31,Brabant wallon,R1000,Pomme de terre,3.1,141.6,45.677,False,10.15,700.7,705.7,14.76,360.4,542.0,-0.49,-0.794,-98.1,-0.795,-15.4,-0.288,-0.38,-0.595,-39.3,-0.479,-17.3,-0.367
2005,BE31,Brabant wallon,R1000,Pomme de terre,3.3,144.0,43.636,False,10.45,658.1,701.6,14.97,393.8,538.0,-0.19,-0.309,-140.7,-1.14,-19.5,-0.365,-0.17,-0.267,-5.9,-0.072,-21.3,-0.452
2006,BE31,Brabant wallon,R1000,Pomme de terre,3.1,120.6,38.903,False,10.78,742.6,714.3,15.7,407.3,554.2,0.14,0.225,-56.2,-0.455,-6.8,-0.127,0.56,0.873,7.6,0.093,-5.1,-0.109
2007,BE31,Brabant wallon,R1000,Pomme de terre,3.3,149.0,45.152,False,10.84,814.5,686.6,15.14,430.8,528.6,0.2,0.322,15.7,0.127,-34.5,-0.646,-0.0,-0.002,31.1,0.38,-30.7,-0.651
2008,BE31,Brabant wallon,R1000,Pomme de terre,3.4,154.7,45.5,False,10.18,774.8,679.1,14.52,418.2,522.6,-0.46,-0.746,-24.0,-0.194,-42.0,-0.786,-0.62,-0.97,18.5,0.226,-36.7,-0.778
2009,BE31,Brabant wallon,R1000,Pomme de terre,4.6,200.0,43.478,False,10.29,733.8,720.0,15.38,330.0,567.7,-0.35,-0.568,-65.0,-0.527,-1.1,-0.02,0.24,0.373,-69.7,-0.851,8.4,0.177
2010,BE31,Brabant wallon,R1000,Pomme de terre,5.3,241.2,45.509,False,9.02,814.9,687.9,14.36,409.3,545.7,-1.62,-2.623,16.1,0.13,-33.2,-0.621,-0.78,-1.22,9.6,0.118,-13.6,-0.289
2011,BE31,Brabant wallon,R1000,Pomme de terre,5.0,312.0,62.4,False,11.04,666.2,734.1,15.42,365.2,567.9,0.4,0.646,-132.6,-1.074,13.0,0.244,0.28,0.435,-34.5,-0.421,8.6,0.181
2012,BE31,Brabant wallon,R1000,Pomme de terre,4.9,213.3,43.531,False,10.12,849.7,681.8,14.42,433.8,525.8,-0.52,-0.843,50.9,0.412,-39.3,-0.736,-0.72,-1.126,34.1,0.417,-33.5,-0.71
2013,BE31,Brabant wallon,R1000,Pomme de terre,5.3,240.4,45.358,False,9.64,717.2,677.1,14.53,326.7,528.5,-1.0,-1.619,-81.6,-0.661,-44.0,-0.824,-0.61,-0.955,-73.0,-0.891,-30.8,-0.653
2014,BE31,Brabant wallon,R1000,Pomme de terre,5.88,320.63,54.529,False,11.38,836.2,701.5,15.18,464.0,520.9,0.74,1.196,37.4,0.303,-19.6,-0.366,0.04,0.061,64.3,0.786,-38.4,-0.814
2015,BE31,Brabant wallon,R1000,Pomme de terre,5.95,288.73,48.526,False,10.78,705.6,731.3,14.8,346.3,570.7,0.14,0.225,-93.2,-0.755,10.2,0.192,-0.34,-0.533,-53.4,-0.652,11.4,0.241
2016,BE31,Brabant wallon,R1000,Pomme de terre,6.27,262.39,41.848,False,10.6,804.5,688.5,15.5,414.5,537.0,-0.04,-0.066,5.7,0.046,-32.6,-0.61,0.36,0.56,14.8,0.181,-22.3,-0.473
2017,BE31,Brabant wallon,R1000,Pomme de terre,6.73,344.08,51.126,False,10.7,764.6,716.7,15.08,385.5,552.0,0.06,0.096,-34.2,-0.277,-4.4,-0.082,-0.06,-0.096,-14.2,-0.173,-7.3,-0.156
2018,BE31,Brabant wallon,R1000,Pomme de terre,7.4,254.59,34.404,False,11.23,628.9,818.3,16.67,237.0,651.0,0.59,0.953,-169.9,-1.376,97.2,1.822,1.53,2.388,-162.7,-1.986,91.7,1.941
2019,BE31,Brabant wallon,R1000,Pomme de terre,7.17,294.3,41.046,False,10.93,796.4,768.9,15.28,326.5,603.9,0.29,0.468,-2.4,-0.019,47.8,0.896,0.14,0.217,-73.2,-0.893,44.6,0.944
2020,BE31,Brabant wallon,R1000,Pomme de terre,7.45,296.98,39.863,False,11.58,781.9,826.7,16.0,296.1,656.8,0.94,1.52,-16.9,-0.137,105.6,1.979,0.86,1.341,-103.6,-1.265,97.5,2.064
2021,BE31,Brabant wallon,R1000,Pomme de terre,6.82,305.51,44.796,False,9.96,1003.0,670.1,14.08,553.8,513.9,-0.68,-1.102,204.2,1.654,-51.0,-0.955,-1.06,-1.657,154.1,1.882,-45.4,-0.963
2022,BE31,Brabant wallon,R1000,Pomme de terre,6.6,263.85,39.977,False,11.53,687.5,850.6,15.96,314.1,658.6,0.89,1.439,-111.3,-0.902,129.5,2.427,0.82,1.279,-85.6,-1.045,99.3,2.102
2023,BE31,Brabant wallon,R1000,Pomme de terre,6.41,277.75,43.331,False,11.47,1005.1,774.7,15.78,455.8,608.7,0.83,1.342,206.3,1.671,53.6,1.005,0.64,0.998,56.1,0.686,49.4,1.045
2024,BE31,Brabant wallon,R1000,Pomme de terre,6.96,269.11,38.665,False,11.23,1070.4,690.0,15.32,563.5,533.6,0.59,0.953,271.6,2.2,-31.1,-0.582,0.18,0.279,163.8,2.001,-25.7,-0.545
2000,BE32,Hainaut,R1000,Pomme de terre,15.1,695.6,46.066,False,11.01,930.8,665.5,15.03,517.4,505.6,-0.04,-0.06,127.9,0.976,-60.0,-1.132,-0.47,-0.758,130.0,1.682,-56.8,-1.237
2001,BE32,Hainaut,R1000,Pomme de terre,14.8,621.0,41.959,False,10.55,958.2,678.5,14.75,459.7,530.7,-0.5,-0.835,155.3,1.185,-47.0,-0.887,-0.75,-1.208,72.3,0.935,-31.7,-0.691
2002,BE32,Hainaut,R1000,Pomme de terre,14.5,697.4,48.097,False,11.19,925.4,679.8,15.03,379.5,511.4,0.14,0.243,122.5,0.934,-45.7,-0.862,-0.47,-0.758,-7.9,-0.102,-51.0,-1.111
2003,BE32,Hainaut,R1000,Pomme de terre,14.8,643.0,43.446,False,11.07,614.7,796.4,16.41,321.6,625.2,0.02,0.041,-188.2,-1.435,70.9,1.338,0.91,1.461,-65.8,-0.851,62.8,1.366
2004,BE32,Hainaut,R1000,Pomme de terre,16.5,810.0,49.091,False,10.65,657.0,716.0,15.24,333.2,550.8,-0.4,-0.666,-145.9,-1.112,-9.5,-0.179,-0.26,-0.421,-54.2,-0.7,-11.6,-0.253
2005,BE32,Hainaut,R1000,Pomme de terre,16.5,728.0,44.121,False,10.89,658.1,700.2,15.34,394.0,534.9,-0.16,-0.262,-144.8,-1.104,-25.3,-0.477,-0.16,-0.26,6.6,0.086,-27.5,-0.599
2006,BE32,Hainaut,R1000,Pomme de terre,16.8,640.2,38.107,False,11.18,746.2,713.0,16.06,401.8,552.8,0.13,0.226,-56.7,-0.432,-12.5,-0.236,0.56,0.898,14.4,0.187,-9.6,-0.209
2007,BE32,Hainaut,R1000,Pomme de terre,17.4,847.2,48.69,False,11.24,805.1,687.8,15.5,414.4,528.8,0.19,0.327,2.2,0.017,-37.7,-0.711,-0.0,-0.003,27.0,0.35,-33.6,-0.732
2008,BE32,Hainaut,R1000,Pomme de terre,17.5,820.0,46.857,False,10.61,811.9,685.8,14.94,418.5,529.7,-0.44,-0.734,9.0,0.069,-39.7,-0.749,-0.56,-0.903,31.1,0.403,-32.7,-0.712
2009,BE32,Hainaut,R1000,Pomme de terre,20.0,899.6,44.98,False,10.76,740.1,728.8,15.8,312.0,576.0,-0.29,-0.481,-62.8,-0.479,3.3,0.062,0.3,0.48,-75.4,-0.975,13.6,0.296
2010,BE32,Hainaut,R1000,Pomme de terre,21.6,924.8,42.815,False,9.49,793.9,691.8,14.77,390.5,547.6,-1.56,-2.621,-9.0,-0.068,-33.7,-0.636,-0.73,-1.176,3.1,0.041,-14.8,-0.323
2011,BE32,Hainaut,R1000,Pomme de terre,21.0,1.04,0.05,False,11.51,622.7,740.4,15.81,305.9,573.2,0.46,0.782,-180.2,-1.374,14.9,0.281,0.31,0.496,-81.5,-1.054,10.8,0.235
2012,BE32,Hainaut,R1000,Pomme de terre,17.4,741.2,42.598,False,10.52,829.5,684.1,14.76,413.9,526.1,-0.53,-0.885,26.6,0.203,-41.4,-0.781,-0.74,-1.192,26.5,0.343,-36.3,-0.791
2013,BE32,Hainaut,R1000,Pomme de terre,18.6,833.9,44.833,False,10.08,725.5,676.8,14.86,328.2,528.2,-0.97,-1.627,-77.4,-0.59,-48.7,-0.919,-0.64,-1.032,-59.2,-0.765,-34.2,-0.745
2014,BE32,Hainaut,R1000,Pomme de terre,19.53,927.67,47.5,False,11.76,794.8,705.0,15.55,413.1,524.3,0.71,1.203,-8.1,-0.062,-20.5,-0.387,0.05,0.078,25.7,0.333,-38.1,-0.83
2015,BE32,Hainaut,R1000,Pomme de terre,19.21,850.46,44.272,False,11.22,677.3,740.2,15.25,298.8,579.4,0.17,0.294,-125.6,-0.958,14.7,0.278,-0.25,-0.405,-88.6,-1.145,17.0,0.37
2016,BE32,Hainaut,R1000,Pomme de terre,21.28,825.7,38.802,False,11.01,793.6,693.4,15.85,401.1,540.3,-0.04,-0.06,-9.3,-0.071,-32.1,-0.605,0.35,0.56,13.7,0.178,-22.1,-0.482
2017,BE32,Hainaut,R1000,Pomme de terre,21.81,1042.44,47.796,False,11.07,752.6,728.1,15.45,342.9,562.8,0.02,0.041,-50.3,-0.383,2.6,0.049,-0.05,-0.083,-44.5,-0.575,0.4,0.008
2018,BE32,Hainaut,R1000,Pomme de terre,21.75,682.9,31.398,False,11.57,692.9,821.1,16.9,278.0,651.1,0.52,0.883,-110.0,-0.839,95.6,1.804,1.4,2.248,-109.4,-1.414,88.7,1.93
2019,BE32,Hainaut,R1000,Pomme de terre,21.57,831.46,38.547,False,11.22,851.2,764.3,15.47,338.1,596.9,0.17,0.294,48.3,0.369,38.8,0.732,-0.03,-0.051,-49.3,-0.637,34.5,0.75
2020,BE32,Hainaut,R1000,Pomme de terre,20.89,777.92,37.239,False,11.93,815.0,828.2,16.33,308.6,656.1,0.88,1.49,12.1,0.092,102.7,1.938,0.83,1.332,-78.8,-1.019,93.7,2.039
2021,BE32,Hainaut,R1000,Pomme de terre,18.9,814.46,43.093,False,10.29,1011.9,678.6,14.41,512.5,521.1,-0.76,-1.273,209.0,1.594,-46.9,-0.885,-1.09,-1.755,125.1,1.618,-41.3,-0.899
2022,BE32,Hainaut,R1000,Pomme de terre,20.15,749.29,37.186,False,11.89,713.2,855.3,16.34,332.5,661.0,0.84,1.422,-89.7,-0.684,129.8,2.449,0.84,1.348,-54.9,-0.71,98.6,2.146
2023,BE32,Hainaut,R1000,Pomme de terre,20.72,884.23,42.675,False,11.83,1068.7,777.0,16.05,497.6,604.6,0.78,1.321,265.8,2.027,51.5,0.972,0.55,0.882,110.2,1.426,42.2,0.918
2024,BE32,Hainaut,R1000,Pomme de terre,22.61,880.79,38.956,False,11.6,1081.5,701.1,15.64,570.3,542.0,0.55,0.934,278.6,2.125,-24.4,-0.46,0.14,0.223,182.9,2.366,-20.4,-0.445
2000,BE33,Liège,R1000,Pomme de terre,1.6,62.5,39.062,False,10.93,942.8,649.7,15.13,528.6,498.2,0.12,0.203,78.7,0.618,-62.9,-1.171,-0.35,-0.578,97.3,1.133,-57.0,-1.262
2001,BE33,Liège,R1000,Pomme de terre,1.4,55.1,39.357,False,10.41,972.2,671.2,14.74,459.5,526.6,-0.4,-0.688,108.1,0.849,-41.4,-0.771,-0.74,-1.223,28.2,0.328,-28.6,-0.633
2002,BE33,Liège,R1000,Pomme de terre,1.7,59.5,35.0,False,11.05,929.3,668.7,15.13,383.0,507.6,0.24,0.408,65.2,0.512,-43.9,-0.817,-0.35,-0.578,-48.3,-0.562,-47.6,-1.054
2003,BE33,Liège,R1000,Pomme de terre,1.6,48.6,30.375,False,10.95,669.4,791.5,16.54,350.0,624.5,0.14,0.237,-194.7,-1.53,78.9,1.468,1.06,1.756,-81.3,-0.947,69.3,1.534
2004,BE33,Liège,R1000,Pomme de terre,1.9,74.9,39.421,False,10.24,818.8,683.3,15.01,447.6,528.2,-0.57,-0.979,-45.3,-0.356,-29.3,-0.545,-0.47,-0.776,16.3,0.19,-27.0,-0.598
2005,BE33,Liège,R1000,Pomme de terre,1.6,67.9,42.438,False,10.68,726.3,702.6,15.5,396.1,547.9,-0.13,-0.225,-137.8,-1.083,-10.0,-0.186,0.02,0.034,-35.2,-0.41,-7.3,-0.162
2006,BE33,Liège,R1000,Pomme de terre,1.8,67.9,37.722,False,11.06,819.7,709.8,16.13,457.9,556.2,0.25,0.425,-44.4,-0.349,-2.8,-0.052,0.65,1.077,26.6,0.31,1.0,0.022
2007,BE33,Liège,R1000,Pomme de terre,1.8,81.2,45.111,False,11.09,931.7,679.0,15.55,498.6,528.7,0.28,0.477,67.6,0.531,-33.6,-0.625,0.07,0.117,67.3,0.783,-26.5,-0.587
2008,BE33,Liège,R1000,Pomme de terre,1.8,75.8,42.111,False,10.45,856.0,664.3,14.94,446.6,515.9,-0.36,-0.619,-8.1,-0.064,-48.3,-0.899,-0.54,-0.892,15.3,0.178,-39.3,-0.87
2009,BE33,Liège,R1000,Pomme de terre,2.7,123.2,45.63,False,10.52,802.5,698.9,15.83,346.6,558.1,-0.29,-0.499,-61.6,-0.484,-13.7,-0.255,0.35,0.581,-84.7,-0.986,2.9,0.064
2010,BE33,Liège,R1000,Pomme de terre,3.9,146.3,37.513,False,9.23,843.9,678.3,14.76,421.4,540.9,-1.58,-2.708,-20.2,-0.159,-34.3,-0.638,-0.72,-1.19,-9.9,-0.115,-14.3,-0.317
2011,BE33,Liège,R1000,Pomme de terre,4.0,192.0,48.0,False,11.34,713.7,728.5,15.95,382.2,566.3,0.53,0.905,-150.4,-1.182,15.9,0.296,0.47,0.779,-49.1,-0.572,11.1,0.245
2012,BE33,Liège,R1000,Pomme de terre,3.7,154.2,41.676,False,10.44,871.1,676.6,14.96,417.4,525.0,-0.37,-0.636,7.0,0.055,-36.0,-0.67,-0.52,-0.859,-13.9,-0.162,-30.2,-0.669
2013,BE33,Liège,R1000,Pomme de terre,4.1,201.8,49.22,False,9.9,746.2,665.4,14.97,356.2,522.7,-0.91,-1.561,-117.9,-0.926,-47.2,-0.879,-0.51,-0.843,-75.1,-0.874,-32.5,-0.72
2014,BE33,Liège,R1000,Pomme de terre,5.3,322.84,60.913,False,11.76,845.0,695.9,15.65,482.3,521.3,0.95,1.624,-19.1,-0.15,-16.7,-0.311,0.17,0.283,51.0,0.594,-33.9,-0.751
2015,BE33,Liège,R1000,Pomme de terre,4.95,261.93,52.915,False,11.08,803.0,721.7,15.32,379.4,571.0,0.27,0.459,-61.1,-0.48,9.1,0.169,-0.16,-0.263,-51.9,-0.604,15.8,0.349
2016,BE33,Liège,R1000,Pomme de terre,5.45,218.91,40.167,False,10.83,873.5,671.5,15.92,453.4,530.9,0.02,0.032,9.4,0.074,-41.1,-0.765,0.44,0.729,22.1,0.257,-24.3,-0.538
2017,BE33,Liège,R1000,Pomme de terre,6.35,327.0,51.496,False,10.58,897.8,697.3,15.13,464.6,535.8,-0.23,-0.396,33.7,0.265,-15.3,-0.285,-0.35,-0.578,33.3,0.388,-19.4,-0.43
2018,BE33,Liège,R1000,Pomme de terre,7.02,254.94,36.316,False,11.17,719.5,802.3,16.76,294.3,633.7,0.36,0.614,-144.6,-1.136,89.7,1.669,1.28,2.12,-137.0,-1.595,78.5,1.737
2019,BE33,Liège,R1000,Pomme de terre,7.18,303.95,42.333,False,10.93,838.8,765.2,15.46,346.2,599.5,0.12,0.203,-25.3,-0.199,52.6,0.979,-0.02,-0.032,-85.1,-0.991,44.3,0.98
2020,BE33,Liège,R1000,Pomme de terre,7.88,346.85,44.016,False,11.62,824.0,825.8,16.21,325.4,653.3,0.81,1.384,-40.1,-0.315,113.2,2.107,0.73,1.209,-105.9,-1.233,98.1,2.171
2021,BE33,Liège,R1000,Pomme de terre,7.22,314.64,43.579,False,9.95,1003.9,671.8,14.19,551.9,511.4,-0.86,-1.475,139.8,1.098,-40.8,-0.759,-1.29,-2.134,120.6,1.404,-43.8,-0.97
2022,BE33,Liège,R1000,Pomme de terre,7.13,292.6,41.038,False,11.44,783.9,833.9,15.91,358.3,642.2,0.63,1.076,-80.2,-0.63,121.3,2.257,0.43,0.713,-73.0,-0.85,87.0,1.926
2023,BE33,Liège,R1000,Pomme de terre,6.87,296.89,43.215,False,11.4,1191.7,769.3,15.83,586.1,603.4,0.59,1.007,327.6,2.573,56.7,1.055,0.35,0.581,154.8,1.802,48.2,1.067
2024,BE33,Liège,R1000,Pomme de terre,7.65,305.57,39.944,False,11.24,1178.2,692.7,15.46,649.1,531.0,0.43,0.733,314.1,2.467,-19.9,-0.37,-0.02,-0.032,217.8,2.535,-24.2,-0.536
2000,BE34,Luxembourg,R1000,Pomme de terre,0.7,19.4,27.714,False,8.4,1178.6,572.2,12.74,602.5,460.2,-0.08,-0.115,118.9,0.852,-69.0,-1.227,-0.54,-0.739,104.1,1.225,-56.6,-1.116
2001,BE34,Luxembourg,R1000,Pomme de terre,0.6,15.7,26.167,False,7.92,1192.3,590.2,12.22,579.1,472.2,-0.56,-0.817,132.6,0.95,-51.0,-0.907,-1.06,-1.449,80.7,0.95,-44.6,-0.879
2002,BE34,Luxembourg,R1000,Pomme de terre,0.5,13.6,27.2,False,8.54,1149.0,610.8,12.76,427.7,484.0,0.06,0.09,89.3,0.64,-30.4,-0.541,-0.52,-0.711,-70.7,-0.832,-32.8,-0.647
2003,BE34,Luxembourg,R1000,Pomme de terre,0.5,14.6,29.2,False,8.4,841.3,729.9,14.22,432.4,588.2,-0.08,-0.115,-218.4,-1.565,88.7,1.577,0.94,1.284,-66.0,-0.777,71.4,1.41
2004,BE34,Luxembourg,R1000,Pomme de terre,0.6,18.9,31.5,False,7.69,941.6,615.5,12.6,516.3,490.8,-0.79,-1.154,-118.1,-0.847,-25.7,-0.457,-0.68,-0.93,17.9,0.21,-26.0,-0.512
2005,BE34,Luxembourg,R1000,Pomme de terre,0.6,13.8,23.0,False,8.08,801.3,635.7,13.2,432.3,507.8,-0.4,-0.583,-258.4,-1.852,-5.5,-0.098,-0.08,-0.11,-66.1,-0.778,-9.0,-0.177
2006,BE34,Luxembourg,R1000,Pomme de terre,0.5,13.8,27.6,False,8.56,1063.5,634.6,13.68,571.2,510.8,0.08,0.119,3.8,0.027,-6.6,-0.118,0.4,0.546,72.8,0.857,-6.0,-0.118
2007,BE34,Luxembourg,R1000,Pomme de terre,0.5,13.6,27.2,False,8.63,1178.1,605.7,13.15,593.7,482.1,0.15,0.222,118.4,0.848,-35.5,-0.632,-0.13,-0.178,95.3,1.122,-34.7,-0.684
2008,BE34,Luxembourg,R1000,Pomme de terre,0.5,13.0,26.0,False,7.91,1137.6,587.2,12.49,543.2,469.2,-0.57,-0.832,77.9,0.558,-54.0,-0.961,-0.79,-1.08,44.8,0.527,-47.6,-0.939
2009,BE34,Luxembourg,R1000,Pomme de terre,0.5,13.4,26.8,False,8.05,1049.5,623.9,13.44,504.4,511.1,-0.43,-0.627,-10.2,-0.073,-17.3,-0.308,0.16,0.218,6.0,0.07,-5.7,-0.112
2010,BE34,Luxembourg,R1000,Pomme de terre,0.4,13.2,33.0,False,6.87,970.0,617.1,12.46,489.2,498.2,-1.61,-2.354,-89.7,-0.643,-24.1,-0.429,-0.82,-1.121,-9.2,-0.108,-18.6,-0.366
2011,BE34,Luxembourg,R1000,Pomme de terre,0.0,13.0,,False,8.91,892.2,663.7,13.59,458.4,527.4,0.43,0.632,-167.5,-1.201,22.5,0.4,0.31,0.423,-40.0,-0.471,10.6,0.21
2012,BE34,Luxembourg,R1000,Pomme de terre,0.3,7.6,25.333,False,8.0,1131.2,603.3,12.54,609.1,472.8,-0.48,-0.7,71.5,0.512,-37.9,-0.674,-0.74,-1.012,110.7,1.303,-44.0,-0.868
2013,BE34,Luxembourg,R1000,Pomme de terre,0.3,8.4,28.0,False,7.44,1005.1,586.1,12.58,524.2,475.2,-1.04,-1.52,-54.6,-0.392,-55.1,-0.98,-0.7,-0.957,25.8,0.303,-41.6,-0.82
2014,BE34,Luxembourg,R1000,Pomme de terre,0.36,11.38,31.611,False,9.21,1010.0,626.5,13.29,505.1,493.8,0.73,1.071,-49.7,-0.356,-14.7,-0.262,0.01,0.013,6.7,0.079,-23.0,-0.453
2015,BE34,Luxembourg,R1000,Pomme de terre,0.31,8.15,26.29,False,8.69,918.0,654.0,13.22,457.7,538.1,0.21,0.31,-141.7,-1.016,12.8,0.227,-0.06,-0.083,-40.7,-0.479,21.3,0.421
2016,BE34,Luxembourg,R1000,Pomme de terre,0.3,7.95,26.5,False,8.32,1068.7,602.5,13.49,547.9,486.9,-0.16,-0.232,9.0,0.064,-38.7,-0.688,0.21,0.286,49.5,0.582,-29.9,-0.589
2017,BE34,Luxembourg,R1000,Pomme de terre,0.29,9.89,34.103,False,8.45,977.5,625.5,13.21,449.4,501.3,-0.03,-0.042,-82.2,-0.589,-15.7,-0.28,-0.07,-0.096,-49.0,-0.577,-15.5,-0.305
2018,BE34,Luxembourg,R1000,Pomme de terre,0.34,8.87,26.088,False,9.36,931.1,748.7,15.12,343.1,613.2,0.88,1.29,-128.6,-0.922,107.5,1.911,1.84,2.514,-155.3,-1.828,96.4,1.903
2019,BE34,Luxembourg,R1000,Pomme de terre,0.4,11.13,27.825,False,8.97,1185.0,703.1,13.66,426.3,575.4,0.49,0.719,125.3,0.898,61.9,1.1,0.38,0.519,-72.1,-0.849,58.6,1.157
2020,BE34,Luxembourg,R1000,Pomme de terre,0.27,7.7,28.519,False,9.6,1181.9,742.6,14.43,348.2,623.1,1.12,1.641,122.2,0.875,101.4,1.803,1.15,1.571,-150.2,-1.768,106.3,2.098
2021,BE34,Luxembourg,R1000,Pomme de terre,0.37,9.85,26.622,False,7.94,1125.2,603.9,12.33,582.3,476.1,-0.54,-0.788,65.5,0.469,-37.3,-0.664,-0.95,-1.299,83.9,0.987,-40.7,-0.802
2022,BE34,Luxembourg,R1000,Pomme de terre,0.4,12.39,30.975,False,9.53,929.7,768.7,14.18,373.6,618.6,1.05,1.539,-130.0,-0.932,127.5,2.267,0.9,1.23,-124.8,-1.469,101.8,2.009
2023,BE34,Luxembourg,R1000,Pomme de terre,0.39,11.61,29.769,False,9.36,1271.8,681.6,14.02,473.9,564.0,0.88,1.29,212.1,1.52,40.4,0.718,0.74,1.011,-24.5,-0.289,47.2,0.932
2024,BE34,Luxembourg,R1000,Pomme de terre,0.49,15.63,31.898,False,9.13,1363.3,597.5,13.39,669.2,478.6,0.65,0.954,303.6,2.175,-43.7,-0.777,0.11,0.15,170.8,2.01,-38.2,-0.753
2000,BE35,Namur,R1000,Pomme de terre,2.5,103.0,41.2,False,10.82,958.0,652.5,14.91,554.0,497.5,0.12,0.211,121.7,0.964,-61.7,-1.212,-0.38,-0.631,137.2,1.593,-58.6,-1.303
2001,BE35,Namur,R1000,Pomme de terre,2.2,92.0,41.818,False,10.36,991.4,676.9,14.64,488.3,530.5,-0.34,-0.628,155.1,1.228,-37.3,-0.732,-0.65,-1.086,71.5,0.83,-25.6,-0.569
2002,BE35,Namur,R1000,Pomme de terre,2.3,99.0,43.043,False,10.97,966.3,674.4,14.94,426.1,509.7,0.27,0.484,130.0,1.029,-39.8,-0.782,-0.35,-0.581,9.3,0.108,-46.4,-1.032
2003,BE35,Namur,R1000,Pomme de terre,2.5,107.0,42.8,False,10.85,652.7,793.9,16.33,346.6,625.0,0.15,0.265,-183.6,-1.454,79.7,1.567,1.04,1.758,-70.2,-0.815,68.9,1.532
2004,BE35,Namur,R1000,Pomme de terre,2.8,131.4,46.929,False,10.28,733.5,700.0,14.99,388.5,540.9,-0.42,-0.773,-102.8,-0.815,-14.2,-0.278,-0.3,-0.497,-28.3,-0.329,-15.2,-0.338
2005,BE35,Namur,R1000,Pomme de terre,2.8,119.7,42.75,False,10.66,672.3,705.8,15.32,381.8,544.4,-0.04,-0.081,-164.0,-1.299,-8.4,-0.164,0.03,0.059,-35.0,-0.406,-11.7,-0.26
2006,BE35,Namur,R1000,Pomme de terre,2.8,118.5,42.321,False,10.94,785.5,705.9,15.93,423.6,550.0,0.24,0.429,-50.8,-0.403,-8.3,-0.162,0.64,1.085,6.8,0.079,-6.1,-0.136
2007,BE35,Namur,R1000,Pomme de terre,2.6,118.5,45.577,False,11.02,885.3,682.3,15.4,475.2,528.4,0.32,0.575,49.0,0.388,-31.9,-0.626,0.11,0.193,58.4,0.678,-27.7,-0.616
2008,BE35,Namur,R1000,Pomme de terre,2.8,128.7,45.964,False,10.37,839.3,670.8,14.77,436.4,517.7,-0.33,-0.609,3.0,0.023,-43.4,-0.852,-0.52,-0.867,19.6,0.227,-38.4,-0.854
2009,BE35,Namur,R1000,Pomme de terre,3.6,160.4,44.556,False,10.45,804.3,708.1,15.61,375.7,561.5,-0.25,-0.464,-32.0,-0.254,-6.1,-0.119,0.32,0.547,-41.1,-0.477,5.4,0.12
2010,BE35,Namur,R1000,Pomme de terre,3.9,174.1,44.641,False,9.26,823.9,689.1,14.68,424.8,546.6,-1.44,-2.632,-12.4,-0.099,-25.1,-0.493,-0.61,-1.018,8.0,0.093,-9.5,-0.211
2011,BE35,Namur,R1000,Pomme de terre,4.0,192.0,48.0,False,11.27,716.5,734.2,15.76,397.1,570.2,0.57,1.031,-119.8,-0.949,20.0,0.394,0.47,0.799,-19.7,-0.229,14.1,0.313
2012,BE35,Namur,R1000,Pomme de terre,3.5,133.1,38.029,False,10.35,880.7,677.6,14.71,460.9,522.7,-0.35,-0.646,44.4,0.351,-36.6,-0.719,-0.58,-0.968,44.1,0.512,-33.4,-0.743
2013,BE35,Namur,R1000,Pomme de terre,3.7,165.7,44.784,False,9.83,742.0,669.4,14.79,349.6,524.2,-0.87,-1.594,-94.3,-0.747,-44.8,-0.88,-0.5,-0.833,-67.2,-0.78,-31.9,-0.71
2014,BE35,Namur,R1000,Pomme de terre,4.39,197.44,44.975,False,11.62,826.3,701.9,15.48,441.4,526.6,0.92,1.669,-10.0,-0.08,-12.3,-0.241,0.19,0.328,24.6,0.286,-29.5,-0.656
2015,BE35,Namur,R1000,Pomme de terre,4.44,231.9,52.23,False,11.0,734.9,724.8,15.12,352.8,570.1,0.3,0.539,-101.4,-0.803,10.6,0.209,-0.17,-0.278,-64.0,-0.743,14.0,0.311
2016,BE35,Namur,R1000,Pomme de terre,5.12,211.08,41.227,False,10.76,839.1,679.6,15.76,425.7,533.4,0.06,0.101,2.8,0.022,-34.6,-0.679,0.47,0.799,8.9,0.103,-22.7,-0.505
2017,BE35,Namur,R1000,Pomme de terre,5.39,259.23,48.095,False,10.44,807.0,700.4,14.93,408.0,541.3,-0.26,-0.482,-29.3,-0.232,-13.8,-0.27,-0.36,-0.598,-8.8,-0.102,-14.8,-0.329
2018,BE35,Namur,R1000,Pomme de terre,6.56,217.37,33.136,False,11.07,686.1,812.1,16.6,264.7,646.6,0.37,0.666,-150.2,-1.19,97.9,1.925,1.31,2.213,-152.1,-1.766,90.5,2.012
2019,BE35,Namur,R1000,Pomme de terre,6.74,260.74,38.685,False,10.7,841.9,755.5,15.13,331.7,594.0,-0.0,-0.008,5.6,0.044,41.3,0.813,-0.16,-0.261,-85.1,-0.988,37.9,0.842
2020,BE35,Namur,R1000,Pomme de terre,7.23,270.79,37.454,False,11.38,833.9,811.6,15.96,304.4,650.8,0.68,1.231,-2.4,-0.019,97.4,1.915,0.67,1.136,-112.4,-1.305,94.7,2.105
2021,BE35,Namur,R1000,Pomme de terre,6.72,271.89,40.46,False,9.73,1038.2,660.6,13.95,592.7,507.5,-0.97,-1.776,201.9,1.599,-53.6,-1.053,-1.34,-2.247,175.9,2.042,-48.6,-1.081
2022,BE35,Namur,R1000,Pomme de terre,6.63,245.44,37.02,False,11.26,678.1,828.0,15.68,281.4,640.0,0.56,1.013,-158.2,-1.253,113.8,2.238,0.39,0.664,-135.4,-1.572,83.9,1.865
2023,BE35,Namur,R1000,Pomme de terre,6.49,266.57,41.074,False,11.2,1073.5,758.2,15.56,494.9,597.7,0.5,0.903,237.2,1.878,44.0,0.866,0.27,0.462,78.1,0.907,41.6,0.925
2024,BE35,Namur,R1000,Pomme de terre,7.53,299.02,39.71,False,11.02,1097.8,680.4,15.18,593.9,525.5,0.32,0.575,261.5,2.071,-33.8,-0.664,-0.11,-0.177,177.1,2.056,-30.6,-0.681
2000,BE3,Wallonie,R2000,Betterave sucrière,56.9,3895.2,68.457,False,10.358,989.28,639.88,14.494,550.64,492.0,0.02,0.037,116.9,0.933,-63.0,-1.185,-0.44,-0.706,123.9,1.575,-58.0,-1.246
2001,BE3,Wallonie,R2000,Betterave sucrière,59.2,3484.7,58.863,False,9.876,1013.8,659.22,14.146,492.7,518.36,-0.46,-0.771,141.4,1.129,-43.7,-0.822,-0.79,-1.261,66.0,0.839,-31.6,-0.679
2002,BE3,Wallonie,R2000,Betterave sucrière,60.1,4133.2,68.772,False,10.498,975.88,661.48,14.504,404.44,503.68,0.16,0.271,103.5,0.826,-41.4,-0.779,-0.43,-0.69,-22.3,-0.283,-46.3,-0.995
2003,BE3,Wallonie,R2000,Betterave sucrière,56.8,4039.5,71.118,False,10.376,678.1600000000001,780.04,15.895999999999995,355.18,616.48,0.04,0.067,-194.2,-1.55,77.1,1.451,0.96,1.526,-71.5,-0.909,66.5,1.429
2004,BE3,Wallonie,R2000,Betterave sucrière,54.7,3854.2,70.461,False,9.802,770.3199999999999,684.1,14.52,409.2,530.54,-0.53,-0.896,-102.1,-0.815,-18.8,-0.354,-0.42,-0.665,-17.5,-0.223,-19.4,-0.418
2005,BE3,Wallonie,R2000,Betterave sucrière,52.8,3752.7,71.074,False,10.152,703.22,689.1800000000001,14.866,399.6,534.6,-0.18,-0.309,-169.2,-1.35,-13.7,-0.258,-0.07,-0.114,-27.1,-0.345,-15.4,-0.33
2006,BE3,Wallonie,R2000,Betterave sucrière,51.9,3568.6,68.759,False,10.504,831.5,695.52,15.5,452.36,544.8,0.17,0.281,-40.9,-0.326,-7.4,-0.139,0.56,0.896,25.6,0.326,-5.2,-0.111
2007,BE3,Wallonie,R2000,Betterave sucrière,51.4,3608.4,70.202,False,10.564,922.94,668.28,14.948000000000002,482.54,519.3199999999999,0.23,0.382,50.6,0.404,-34.6,-0.651,0.01,0.017,55.8,0.71,-30.7,-0.659
2008,BE3,Wallonie,R2000,Betterave sucrière,42.1,3165.2,75.183,False,9.904,883.9199999999998,657.4399999999999,14.332,452.58,511.0200000000001,-0.43,-0.725,11.5,0.092,-45.5,-0.855,-0.61,-0.964,25.9,0.329,-39.0,-0.837
2009,BE3,Wallonie,R2000,Betterave sucrière,41.0,3525.9,85.998,False,10.014,826.04,695.9399999999999,15.212,373.74,554.88,-0.32,-0.54,-46.3,-0.37,-7.0,-0.131,0.27,0.437,-53.0,-0.673,4.9,0.105
2010,BE3,Wallonie,R2000,Betterave sucrière,38.6,2916.0,75.544,False,8.774000000000001,849.32,672.8399999999999,14.206,427.04,535.8,-1.56,-2.619,-23.1,-0.184,-30.1,-0.565,-0.73,-1.165,0.3,0.004,-14.2,-0.305
2011,BE3,Wallonie,R2000,Betterave sucrière,40.0,2158.43,53.961,True,10.814,722.26,720.1800000000001,15.306,381.76,561.0,0.48,0.801,-150.1,-1.198,17.3,0.325,0.37,0.587,-45.0,-0.571,11.0,0.237
2012,BE3,Wallonie,R2000,Betterave sucrière,40.3,3242.0,80.447,False,9.886,912.44,664.6800000000001,14.278,467.02,514.48,-0.45,-0.755,40.1,0.32,-38.2,-0.719,-0.66,-1.05,40.3,0.512,-35.5,-0.763
2013,BE3,Wallonie,R2000,Betterave sucrière,38.9,3140.1,80.722,False,9.378,787.2,654.96,14.346,376.98,515.76,-0.96,-1.606,-85.2,-0.68,-47.9,-0.902,-0.59,-0.942,-49.7,-0.632,-34.2,-0.735
2014,BE3,Wallonie,R2000,Betterave sucrière,38.64,3423.64,88.604,False,11.146,862.46,686.1600000000001,15.03,461.18,517.3799999999999,0.81,1.358,-9.9,-0.079,-16.7,-0.315,0.09,0.147,34.5,0.438,-32.6,-0.7
2015,BE3,Wallonie,R2000,Betterave sucrière,34.53,2979.76,86.295,False,10.553999999999998,767.76,714.4,14.742,367.0,565.86,0.22,0.365,-104.6,-0.835,11.5,0.216,-0.2,-0.311,-59.7,-0.759,15.9,0.341
2016,BE3,Wallonie,R2000,Betterave sucrière,36.68,2727.16,74.35,False,10.303999999999998,875.8800000000001,667.1,15.303999999999998,448.52,525.7,-0.03,-0.054,3.5,0.028,-35.8,-0.673,0.37,0.584,21.8,0.277,-24.3,-0.522
2017,BE3,Wallonie,R2000,Betterave sucrière,41.74,4045.92,96.931,False,10.248,839.9,693.6,14.76,410.08,538.64,-0.09,-0.148,-32.5,-0.259,-9.3,-0.175,-0.18,-0.283,-16.6,-0.211,-11.3,-0.243
2018,BE3,Wallonie,R2000,Betterave sucrière,42.61,3597.66,84.432,False,10.88,731.7,800.5,16.410000000000004,283.42,639.1200000000001,0.54,0.912,-140.7,-1.123,97.6,1.835,1.47,2.345,-143.3,-1.821,89.1,1.916
2019,BE3,Wallonie,R2000,Betterave sucrière,38.84,3472.67,89.41,False,10.55,902.66,751.4,15.0,353.76,593.9399999999999,0.21,0.359,30.3,0.242,48.5,0.912,0.06,0.1,-73.0,-0.927,44.0,0.945
2020,BE3,Wallonie,R2000,Betterave sucrière,38.05,3201.27,84.133,False,11.222,887.3399999999999,806.98,15.786,316.54,648.02,0.89,1.485,15.0,0.119,104.1,1.957,0.85,1.351,-110.2,-1.4,98.0,2.107
2021,BE3,Wallonie,R2000,Betterave sucrière,36.54,3051.06,83.499,False,9.574000000000002,1036.44,657.0,13.791999999999998,558.64,506.0,-0.76,-1.278,164.1,1.31,-45.9,-0.863,-1.15,-1.824,131.9,1.677,-44.0,-0.945
2022,BE3,Wallonie,R2000,Betterave sucrière,35.4,3195.68,90.273,False,11.13,758.48,827.3,15.614,331.98,644.08,0.79,1.331,-113.9,-0.909,124.4,2.34,0.68,1.077,-94.7,-1.204,94.1,2.022
2023,BE3,Wallonie,R2000,Betterave sucrière,37.42,3149.54,84.167,False,11.052,1122.16,752.1600000000001,15.448000000000002,501.66,595.6800000000001,0.72,1.2,249.8,1.994,49.3,0.926,0.51,0.813,74.9,0.953,45.7,0.982
2024,BE3,Wallonie,R2000,Betterave sucrière,38.81,3019.44,77.801,False,10.844,1158.24,672.3399999999999,14.998,609.2,522.14,0.51,0.851,285.9,2.282,-30.6,-0.575,0.06,0.096,182.5,2.32,-27.8,-0.598
2000,BE31,Brabant wallon,R2000,Betterave sucrière,11.1,802.4,72.288,False,10.63,936.2,659.5,14.66,550.7,498.5,-0.01,-0.017,137.4,1.113,-61.6,-1.153,-0.48,-0.752,151.0,1.845,-60.8,-1.289
2001,BE31,Brabant wallon,R2000,Betterave sucrière,11.3,678.7,60.062,False,10.14,954.9,679.3,14.38,476.9,531.8,-0.5,-0.81,156.1,1.265,-41.8,-0.782,-0.76,-1.189,77.2,0.943,-27.5,-0.583
2002,BE31,Brabant wallon,R2000,Betterave sucrière,11.5,805.5,70.043,False,10.74,909.4,673.7,14.66,405.9,505.7,0.1,0.161,110.6,0.896,-47.4,-0.887,-0.48,-0.752,6.2,0.076,-53.6,-1.136
2003,BE31,Brabant wallon,R2000,Betterave sucrière,10.9,738.3,67.734,False,10.61,612.7,788.5,15.98,325.3,619.5,-0.03,-0.05,-186.1,-1.508,67.4,1.264,0.84,1.31,-74.4,-0.908,60.2,1.274
2004,BE31,Brabant wallon,R2000,Betterave sucrière,10.5,661.5,63.0,False,10.15,700.7,705.7,14.76,360.4,542.0,-0.49,-0.794,-98.1,-0.795,-15.4,-0.288,-0.38,-0.595,-39.3,-0.479,-17.3,-0.367
2005,BE31,Brabant wallon,R2000,Betterave sucrière,10.1,629.8,62.356,False,10.45,658.1,701.6,14.97,393.8,538.0,-0.19,-0.309,-140.7,-1.14,-19.5,-0.365,-0.17,-0.267,-5.9,-0.072,-21.3,-0.452
2006,BE31,Brabant wallon,R2000,Betterave sucrière,10.1,703.0,69.604,False,10.78,742.6,714.3,15.7,407.3,554.2,0.14,0.225,-56.2,-0.455,-6.8,-0.127,0.56,0.873,7.6,0.093,-5.1,-0.109
2007,BE31,Brabant wallon,R2000,Betterave sucrière,9.9,649.5,65.606,False,10.84,814.5,686.6,15.14,430.8,528.6,0.2,0.322,15.7,0.127,-34.5,-0.646,-0.0,-0.002,31.1,0.38,-30.7,-0.651
2008,BE31,Brabant wallon,R2000,Betterave sucrière,8.4,664.6,79.119,False,10.18,774.8,679.1,14.52,418.2,522.6,-0.46,-0.746,-24.0,-0.194,-42.0,-0.786,-0.62,-0.97,18.5,0.226,-36.7,-0.778
2009,BE31,Brabant wallon,R2000,Betterave sucrière,8.4,751.1,89.417,False,10.29,733.8,720.0,15.38,330.0,567.7,-0.35,-0.568,-65.0,-0.527,-1.1,-0.02,0.24,0.373,-69.7,-0.851,8.4,0.177
2010,BE31,Brabant wallon,R2000,Betterave sucrière,7.6,603.5,79.408,False,9.02,814.9,687.9,14.36,409.3,545.7,-1.62,-2.623,16.1,0.13,-33.2,-0.621,-0.78,-1.22,9.6,0.118,-13.6,-0.289
2011,BE31,Brabant wallon,R2000,Betterave sucrière,8.0,734.0,91.75,False,11.04,666.2,734.1,15.42,365.2,567.9,0.4,0.646,-132.6,-1.074,13.0,0.244,0.28,0.435,-34.5,-0.421,8.6,0.181
2012,BE31,Brabant wallon,R2000,Betterave sucrière,8.1,664.8,82.074,False,10.12,849.7,681.8,14.42,433.8,525.8,-0.52,-0.843,50.9,0.412,-39.3,-0.736,-0.72,-1.126,34.1,0.417,-33.5,-0.71
2013,BE31,Brabant wallon,R2000,Betterave sucrière,7.7,636.9,82.714,False,9.64,717.2,677.1,14.53,326.7,528.5,-1.0,-1.619,-81.6,-0.661,-44.0,-0.824,-0.61,-0.955,-73.0,-0.891,-30.8,-0.653
2014,BE31,Brabant wallon,R2000,Betterave sucrière,7.68,682.16,88.823,False,11.38,836.2,701.5,15.18,464.0,520.9,0.74,1.196,37.4,0.303,-19.6,-0.366,0.04,0.061,64.3,0.786,-38.4,-0.814
2015,BE31,Brabant wallon,R2000,Betterave sucrière,7.04,602.54,85.588,False,10.78,705.6,731.3,14.8,346.3,570.7,0.14,0.225,-93.2,-0.755,10.2,0.192,-0.34,-0.533,-53.4,-0.652,11.4,0.241
2016,BE31,Brabant wallon,R2000,Betterave sucrière,7.45,566.05,75.98,False,10.6,804.5,688.5,15.5,414.5,537.0,-0.04,-0.066,5.7,0.046,-32.6,-0.61,0.36,0.56,14.8,0.181,-22.3,-0.473
2017,BE31,Brabant wallon,R2000,Betterave sucrière,8.09,780.73,96.506,False,10.7,764.6,716.7,15.08,385.5,552.0,0.06,0.096,-34.2,-0.277,-4.4,-0.082,-0.06,-0.096,-14.2,-0.173,-7.3,-0.156
2018,BE31,Brabant wallon,R2000,Betterave sucrière,8.09,692.92,85.651,False,11.23,628.9,818.3,16.67,237.0,651.0,0.59,0.953,-169.9,-1.376,97.2,1.822,1.53,2.388,-162.7,-1.986,91.7,1.941
2019,BE31,Brabant wallon,R2000,Betterave sucrière,6.97,635.53,91.181,False,10.93,796.4,768.9,15.28,326.5,603.9,0.29,0.468,-2.4,-0.019,47.8,0.896,0.14,0.217,-73.2,-0.893,44.6,0.944
2020,BE31,Brabant wallon,R2000,Betterave sucrière,6.85,576.62,84.178,False,11.58,781.9,826.7,16.0,296.1,656.8,0.94,1.52,-16.9,-0.137,105.6,1.979,0.86,1.341,-103.6,-1.265,97.5,2.064
2021,BE31,Brabant wallon,R2000,Betterave sucrière,6.55,573.06,87.49,False,9.96,1003.0,670.1,14.08,553.8,513.9,-0.68,-1.102,204.2,1.654,-51.0,-0.955,-1.06,-1.657,154.1,1.882,-45.4,-0.963
2022,BE31,Brabant wallon,R2000,Betterave sucrière,6.28,583.91,92.979,False,11.53,687.5,850.6,15.96,314.1,658.6,0.89,1.439,-111.3,-0.902,129.5,2.427,0.82,1.279,-85.6,-1.045,99.3,2.102
2023,BE31,Brabant wallon,R2000,Betterave sucrière,6.76,588.21,87.013,False,11.47,1005.1,774.7,15.78,455.8,608.7,0.83,1.342,206.3,1.671,53.6,1.005,0.64,0.998,56.1,0.686,49.4,1.045
2024,BE31,Brabant wallon,R2000,Betterave sucrière,6.82,562.24,82.44,False,11.23,1070.4,690.0,15.32,563.5,533.6,0.59,0.953,271.6,2.2,-31.1,-0.582,0.18,0.279,163.8,2.001,-25.7,-0.545
2000,BE32,Hainaut,R2000,Betterave sucrière,24.2,1614.4,66.711,False,11.01,930.8,665.5,15.03,517.4,505.6,-0.04,-0.06,127.9,0.976,-60.0,-1.132,-0.47,-0.758,130.0,1.682,-56.8,-1.237
2001,BE32,Hainaut,R2000,Betterave sucrière,25.3,1435.0,56.719,False,10.55,958.2,678.5,14.75,459.7,530.7,-0.5,-0.835,155.3,1.185,-47.0,-0.887,-0.75,-1.208,72.3,0.935,-31.7,-0.691
2002,BE32,Hainaut,R2000,Betterave sucrière,26.0,1767.0,67.962,False,11.19,925.4,679.8,15.03,379.5,511.4,0.14,0.243,122.5,0.934,-45.7,-0.862,-0.47,-0.758,-7.9,-0.102,-51.0,-1.111
2003,BE32,Hainaut,R2000,Betterave sucrière,24.3,1760.9,72.465,False,11.07,614.7,796.4,16.41,321.6,625.2,0.02,0.041,-188.2,-1.435,70.9,1.338,0.91,1.461,-65.8,-0.851,62.8,1.366
2004,BE32,Hainaut,R2000,Betterave sucrière,23.2,1671.8,72.06,False,10.65,657.0,716.0,15.24,333.2,550.8,-0.4,-0.666,-145.9,-1.112,-9.5,-0.179,-0.26,-0.421,-54.2,-0.7,-11.6,-0.253
2005,BE32,Hainaut,R2000,Betterave sucrière,22.5,1623.7,72.164,False,10.89,658.1,700.2,15.34,394.0,534.9,-0.16,-0.262,-144.8,-1.104,-25.3,-0.477,-0.16,-0.26,6.6,0.086,-27.5,-0.599
2006,BE32,Hainaut,R2000,Betterave sucrière,22.1,1515.4,68.57,False,11.18,746.2,713.0,16.06,401.8,552.8,0.13,0.226,-56.7,-0.432,-12.5,-0.236,0.56,0.898,14.4,0.187,-9.6,-0.209
2007,BE32,Hainaut,R2000,Betterave sucrière,21.7,1512.5,69.7,False,11.24,805.1,687.8,15.5,414.4,528.8,0.19,0.327,2.2,0.017,-37.7,-0.711,-0.0,-0.003,27.0,0.35,-33.6,-0.732
2008,BE32,Hainaut,R2000,Betterave sucrière,17.0,1247.2,73.365,False,10.61,811.9,685.8,14.94,418.5,529.7,-0.44,-0.734,9.0,0.069,-39.7,-0.749,-0.56,-0.903,31.1,0.403,-32.7,-0.712
2009,BE32,Hainaut,R2000,Betterave sucrière,16.3,1392.4,85.423,False,10.76,740.1,728.8,15.8,312.0,576.0,-0.29,-0.481,-62.8,-0.479,3.3,0.062,0.3,0.48,-75.4,-0.975,13.6,0.296
2010,BE32,Hainaut,R2000,Betterave sucrière,15.5,1160.9,74.897,False,9.49,793.9,691.8,14.77,390.5,547.6,-1.56,-2.621,-9.0,-0.068,-33.7,-0.636,-0.73,-1.176,3.1,0.041,-14.8,-0.323
2011,BE32,Hainaut,R2000,Betterave sucrière,16.0,1.43,0.089,False,11.51,622.7,740.4,15.81,305.9,573.2,0.46,0.782,-180.2,-1.374,14.9,0.281,0.31,0.496,-81.5,-1.054,10.8,0.235
2012,BE32,Hainaut,R2000,Betterave sucrière,16.2,1250.1,77.167,False,10.52,829.5,684.1,14.76,413.9,526.1,-0.53,-0.885,26.6,0.203,-41.4,-0.781,-0.74,-1.192,26.5,0.343,-36.3,-0.791
2013,BE32,Hainaut,R2000,Betterave sucrière,15.8,1259.2,79.696,False,10.08,725.5,676.8,14.86,328.2,528.2,-0.97,-1.627,-77.4,-0.59,-48.7,-0.919,-0.64,-1.032,-59.2,-0.765,-34.2,-0.745
2014,BE32,Hainaut,R2000,Betterave sucrière,15.49,1354.83,87.465,False,11.76,794.8,705.0,15.55,413.1,524.3,0.71,1.203,-8.1,-0.062,-20.5,-0.387,0.05,0.078,25.7,0.333,-38.1,-0.83
2015,BE32,Hainaut,R2000,Betterave sucrière,13.92,1210.55,86.965,False,11.22,677.3,740.2,15.25,298.8,579.4,0.17,0.294,-125.6,-0.958,14.7,0.278,-0.25,-0.405,-88.6,-1.145,17.0,0.37
2016,BE32,Hainaut,R2000,Betterave sucrière,14.85,1093.72,73.651,False,11.01,793.6,693.4,15.85,401.1,540.3,-0.04,-0.06,-9.3,-0.071,-32.1,-0.605,0.35,0.56,13.7,0.178,-22.1,-0.482
2017,BE32,Hainaut,R2000,Betterave sucrière,17.14,1645.19,95.985,False,11.07,752.6,728.1,15.45,342.9,562.8,0.02,0.041,-50.3,-0.383,2.6,0.049,-0.05,-0.083,-44.5,-0.575,0.4,0.008
2018,BE32,Hainaut,R2000,Betterave sucrière,17.61,1508.74,85.675,False,11.57,692.9,821.1,16.9,278.0,651.1,0.52,0.883,-110.0,-0.839,95.6,1.804,1.4,2.248,-109.4,-1.414,88.7,1.93
2019,BE32,Hainaut,R2000,Betterave sucrière,16.68,1518.38,91.03,False,11.22,851.2,764.3,15.47,338.1,596.9,0.17,0.294,48.3,0.369,38.8,0.732,-0.03,-0.051,-49.3,-0.637,34.5,0.75
2020,BE32,Hainaut,R2000,Betterave sucrière,16.52,1428.45,86.468,False,11.93,815.0,828.2,16.33,308.6,656.1,0.88,1.49,12.1,0.092,102.7,1.938,0.83,1.332,-78.8,-1.019,93.7,2.039
2021,BE32,Hainaut,R2000,Betterave sucrière,16.16,1333.53,82.52,False,10.29,1011.9,678.6,14.41,512.5,521.1,-0.76,-1.273,209.0,1.594,-46.9,-0.885,-1.09,-1.755,125.1,1.618,-41.3,-0.899
2022,BE32,Hainaut,R2000,Betterave sucrière,15.32,1366.03,89.166,False,11.89,713.2,855.3,16.34,332.5,661.0,0.84,1.422,-89.7,-0.684,129.8,2.449,0.84,1.348,-54.9,-0.71,98.6,2.146
2023,BE32,Hainaut,R2000,Betterave sucrière,16.05,1306.78,81.419,False,11.83,1068.7,777.0,16.05,497.6,604.6,0.78,1.321,265.8,2.027,51.5,0.972,0.55,0.882,110.2,1.426,42.2,0.918
2024,BE32,Hainaut,R2000,Betterave sucrière,16.66,1303.71,78.254,False,11.6,1081.5,701.1,15.64,570.3,542.0,0.55,0.934,278.6,2.125,-24.4,-0.46,0.14,0.223,182.9,2.366,-20.4,-0.445
2000,BE33,Liège,R2000,Betterave sucrière,11.0,752.1,68.373,False,10.93,942.8,649.7,15.13,528.6,498.2,0.12,0.203,78.7,0.618,-62.9,-1.171,-0.35,-0.578,97.3,1.133,-57.0,-1.262
2001,BE33,Liège,R2000,Betterave sucrière,11.6,725.9,62.578,False,10.41,972.2,671.2,14.74,459.5,526.6,-0.4,-0.688,108.1,0.849,-41.4,-0.771,-0.74,-1.223,28.2,0.328,-28.6,-0.633
2002,BE33,Liège,R2000,Betterave sucrière,11.7,821.7,70.231,False,11.05,929.3,668.7,15.13,383.0,507.6,0.24,0.408,65.2,0.512,-43.9,-0.817,-0.35,-0.578,-48.3,-0.562,-47.6,-1.054
2003,BE33,Liège,R2000,Betterave sucrière,11.1,805.0,72.523,False,10.95,669.4,791.5,16.54,350.0,624.5,0.14,0.237,-194.7,-1.53,78.9,1.468,1.06,1.756,-81.3,-0.947,69.3,1.534
2004,BE33,Liège,R2000,Betterave sucrière,10.8,824.4,76.333,False,10.24,818.8,683.3,15.01,447.6,528.2,-0.57,-0.979,-45.3,-0.356,-29.3,-0.545,-0.47,-0.776,16.3,0.19,-27.0,-0.598
2005,BE33,Liège,R2000,Betterave sucrière,10.4,785.9,75.567,False,10.68,726.3,702.6,15.5,396.1,547.9,-0.13,-0.225,-137.8,-1.083,-10.0,-0.186,0.02,0.034,-35.2,-0.41,-7.3,-0.162
2006,BE33,Liège,R2000,Betterave sucrière,10.3,712.6,69.184,False,11.06,819.7,709.8,16.13,457.9,556.2,0.25,0.425,-44.4,-0.349,-2.8,-0.052,0.65,1.077,26.6,0.31,1.0,0.022
2007,BE33,Liège,R2000,Betterave sucrière,10.3,767.6,74.524,False,11.09,931.7,679.0,15.55,498.6,528.7,0.28,0.477,67.6,0.531,-33.6,-0.625,0.07,0.117,67.3,0.783,-26.5,-0.587
2008,BE33,Liège,R2000,Betterave sucrière,8.6,654.5,76.105,False,10.45,856.0,664.3,14.94,446.6,515.9,-0.36,-0.619,-8.1,-0.064,-48.3,-0.899,-0.54,-0.892,15.3,0.178,-39.3,-0.87
2009,BE33,Liège,R2000,Betterave sucrière,8.5,739.9,87.047,False,10.52,802.5,698.9,15.83,346.6,558.1,-0.29,-0.499,-61.6,-0.484,-13.7,-0.255,0.35,0.581,-84.7,-0.986,2.9,0.064
2010,BE33,Liège,R2000,Betterave sucrière,8.1,601.3,74.235,False,9.23,843.9,678.3,14.76,421.4,540.9,-1.58,-2.708,-20.2,-0.159,-34.3,-0.638,-0.72,-1.19,-9.9,-0.115,-14.3,-0.317
2011,BE33,Liège,R2000,Betterave sucrière,8.0,748.0,93.5,False,11.34,713.7,728.5,15.95,382.2,566.3,0.53,0.905,-150.4,-1.182,15.9,0.296,0.47,0.779,-49.1,-0.572,11.1,0.245
2012,BE33,Liège,R2000,Betterave sucrière,8.0,664.7,83.088,False,10.44,871.1,676.6,14.96,417.4,525.0,-0.37,-0.636,7.0,0.055,-36.0,-0.67,-0.52,-0.859,-13.9,-0.162,-30.2,-0.669
2013,BE33,Liège,R2000,Betterave sucrière,7.7,661.6,85.922,False,9.9,746.2,665.4,14.97,356.2,522.7,-0.91,-1.561,-117.9,-0.926,-47.2,-0.879,-0.51,-0.843,-75.1,-0.874,-32.5,-0.72
2014,BE33,Liège,R2000,Betterave sucrière,7.7,719.88,93.491,False,11.76,845.0,695.9,15.65,482.3,521.3,0.95,1.624,-19.1,-0.15,-16.7,-0.311,0.17,0.283,51.0,0.594,-33.9,-0.751
2015,BE33,Liège,R2000,Betterave sucrière,6.71,589.73,87.888,False,11.08,803.0,721.7,15.32,379.4,571.0,0.27,0.459,-61.1,-0.48,9.1,0.169,-0.16,-0.263,-51.9,-0.604,15.8,0.349
2016,BE33,Liège,R2000,Betterave sucrière,7.11,549.09,77.228,False,10.83,873.5,671.5,15.92,453.4,530.9,0.02,0.032,9.4,0.074,-41.1,-0.765,0.44,0.729,22.1,0.257,-24.3,-0.538
2017,BE33,Liège,R2000,Betterave sucrière,8.31,839.02,100.965,False,10.58,897.8,697.3,15.13,464.6,535.8,-0.23,-0.396,33.7,0.265,-15.3,-0.285,-0.35,-0.578,33.3,0.388,-19.4,-0.43
2018,BE33,Liège,R2000,Betterave sucrière,8.06,707.08,87.727,False,11.17,719.5,802.3,16.76,294.3,633.7,0.36,0.614,-144.6,-1.136,89.7,1.669,1.28,2.12,-137.0,-1.595,78.5,1.737
2019,BE33,Liège,R2000,Betterave sucrière,7.11,664.95,93.523,False,10.93,838.8,765.2,15.46,346.2,599.5,0.12,0.203,-25.3,-0.199,52.6,0.979,-0.02,-0.032,-85.1,-0.991,44.3,0.98
2020,BE33,Liège,R2000,Betterave sucrière,6.8,584.57,85.966,False,11.62,824.0,825.8,16.21,325.4,653.3,0.81,1.384,-40.1,-0.315,113.2,2.107,0.73,1.209,-105.9,-1.233,98.1,2.171
2021,BE33,Liège,R2000,Betterave sucrière,6.72,593.06,88.253,False,9.95,1003.9,671.8,14.19,551.9,511.4,-0.86,-1.475,139.8,1.098,-40.8,-0.759,-1.29,-2.134,120.6,1.404,-43.8,-0.97
2022,BE33,Liège,R2000,Betterave sucrière,6.65,637.23,95.824,False,11.44,783.9,833.9,15.91,358.3,642.2,0.63,1.076,-80.2,-0.63,121.3,2.257,0.43,0.713,-73.0,-0.85,87.0,1.926
2023,BE33,Liège,R2000,Betterave sucrière,7.12,655.6,92.079,False,11.4,1191.7,769.3,15.83,586.1,603.4,0.59,1.007,327.6,2.573,56.7,1.055,0.35,0.581,154.8,1.802,48.2,1.067
2024,BE33,Liège,R2000,Betterave sucrière,7.45,585.32,78.566,False,11.24,1178.2,692.7,15.46,649.1,531.0,0.43,0.733,314.1,2.467,-19.9,-0.37,-0.02,-0.032,217.8,2.535,-24.2,-0.536
2000,BE34,Luxembourg,R2000,Betterave sucrière,0.2,11.2,56.0,False,8.4,1178.6,572.2,12.74,602.5,460.2,-0.08,-0.115,118.9,0.852,-69.0,-1.227,-0.54,-0.739,104.1,1.225,-56.6,-1.116
2001,BE34,Luxembourg,R2000,Betterave sucrière,0.2,10.6,53.0,False,7.92,1192.3,590.2,12.22,579.1,472.2,-0.56,-0.817,132.6,0.95,-51.0,-0.907,-1.06,-1.449,80.7,0.95,-44.6,-0.879
2002,BE34,Luxembourg,R2000,Betterave sucrière,0.2,12.6,63.0,False,8.54,1149.0,610.8,12.76,427.7,484.0,0.06,0.09,89.3,0.64,-30.4,-0.541,-0.52,-0.711,-70.7,-0.832,-32.8,-0.647
2003,BE34,Luxembourg,R2000,Betterave sucrière,0.2,12.5,62.5,False,8.4,841.3,729.9,14.22,432.4,588.2,-0.08,-0.115,-218.4,-1.565,88.7,1.577,0.94,1.284,-66.0,-0.777,71.4,1.41
2004,BE34,Luxembourg,R2000,Betterave sucrière,0.2,10.5,52.5,False,7.69,941.6,615.5,12.6,516.3,490.8,-0.79,-1.154,-118.1,-0.847,-25.7,-0.457,-0.68,-0.93,17.9,0.21,-26.0,-0.512
2005,BE34,Luxembourg,R2000,Betterave sucrière,0.1,9.2,92.0,False,8.08,801.3,635.7,13.2,432.3,507.8,-0.4,-0.583,-258.4,-1.852,-5.5,-0.098,-0.08,-0.11,-66.1,-0.778,-9.0,-0.177
2006,BE34,Luxembourg,R2000,Betterave sucrière,0.2,9.9,49.5,False,8.56,1063.5,634.6,13.68,571.2,510.8,0.08,0.119,3.8,0.027,-6.6,-0.118,0.4,0.546,72.8,0.857,-6.0,-0.118
2007,BE34,Luxembourg,R2000,Betterave sucrière,0.2,10.1,50.5,False,8.63,1178.1,605.7,13.15,593.7,482.1,0.15,0.222,118.4,0.848,-35.5,-0.632,-0.13,-0.178,95.3,1.122,-34.7,-0.684
2008,BE34,Luxembourg,R2000,Betterave sucrière,0.0,2.3,,False,7.91,1137.6,587.2,12.49,543.2,469.2,-0.57,-0.832,77.9,0.558,-54.0,-0.961,-0.79,-1.08,44.8,0.527,-47.6,-0.939
2009,BE34,Luxembourg,R2000,Betterave sucrière,0.0,1.9,,False,8.05,1049.5,623.9,13.44,504.4,511.1,-0.43,-0.627,-10.2,-0.073,-17.3,-0.308,0.16,0.218,6.0,0.07,-5.7,-0.112
2010,BE34,Luxembourg,R2000,Betterave sucrière,0.0,1.1,,False,6.87,970.0,617.1,12.46,489.2,498.2,-1.61,-2.354,-89.7,-0.643,-24.1,-0.429,-0.82,-1.121,-9.2,-0.108,-18.6,-0.366
2011,BE34,Luxembourg,R2000,Betterave sucrière,0.0,3.0,,False,8.91,892.2,663.7,13.59,458.4,527.4,0.43,0.632,-167.5,-1.201,22.5,0.4,0.31,0.423,-40.0,-0.471,10.6,0.21
2012,BE34,Luxembourg,R2000,Betterave sucrière,0.1,4.7,47.0,False,8.0,1131.2,603.3,12.54,609.1,472.8,-0.48,-0.7,71.5,0.512,-37.9,-0.674,-0.74,-1.012,110.7,1.303,-44.0,-0.868
2013,BE34,Luxembourg,R2000,Betterave sucrière,0.0,3.2,,False,7.44,1005.1,586.1,12.58,524.2,475.2,-1.04,-1.52,-54.6,-0.392,-55.1,-0.98,-0.7,-0.957,25.8,0.303,-41.6,-0.82
2014,BE34,Luxembourg,R2000,Betterave sucrière,0.06,5.0,83.333,False,9.21,1010.0,626.5,13.29,505.1,493.8,0.73,1.071,-49.7,-0.356,-14.7,-0.262,0.01,0.013,6.7,0.079,-23.0,-0.453
2015,BE34,Luxembourg,R2000,Betterave sucrière,0.05,2.92,58.4,False,8.69,918.0,654.0,13.22,457.7,538.1,0.21,0.31,-141.7,-1.016,12.8,0.227,-0.06,-0.083,-40.7,-0.479,21.3,0.421
2016,BE34,Luxembourg,R2000,Betterave sucrière,0.04,2.56,64.0,False,8.32,1068.7,602.5,13.49,547.9,486.9,-0.16,-0.232,9.0,0.064,-38.7,-0.688,0.21,0.286,49.5,0.582,-29.9,-0.589
2017,BE34,Luxembourg,R2000,Betterave sucrière,0.06,6.2,103.333,False,8.45,977.5,625.5,13.21,449.4,501.3,-0.03,-0.042,-82.2,-0.589,-15.7,-0.28,-0.07,-0.096,-49.0,-0.577,-15.5,-0.305
2018,BE34,Luxembourg,R2000,Betterave sucrière,0.05,3.96,79.2,False,9.36,931.1,748.7,15.12,343.1,613.2,0.88,1.29,-128.6,-0.922,107.5,1.911,1.84,2.514,-155.3,-1.828,96.4,1.903
2019,BE34,Luxembourg,R2000,Betterave sucrière,0.05,4.01,80.2,False,8.97,1185.0,703.1,13.66,426.3,575.4,0.49,0.719,125.3,0.898,61.9,1.1,0.38,0.519,-72.1,-0.849,58.6,1.157
2020,BE34,Luxembourg,R2000,Betterave sucrière,0.06,4.95,82.5,False,9.6,1181.9,742.6,14.43,348.2,623.1,1.12,1.641,122.2,0.875,101.4,1.803,1.15,1.571,-150.2,-1.768,106.3,2.098
2021,BE34,Luxembourg,R2000,Betterave sucrière,0.06,5.58,93.0,False,7.94,1125.2,603.9,12.33,582.3,476.1,-0.54,-0.788,65.5,0.469,-37.3,-0.664,-0.95,-1.299,83.9,0.987,-40.7,-0.802
2022,BE34,Luxembourg,R2000,Betterave sucrière,0.07,6.19,88.429,False,9.53,929.7,768.7,14.18,373.6,618.6,1.05,1.539,-130.0,-0.932,127.5,2.267,0.9,1.23,-124.8,-1.469,101.8,2.009
2023,BE34,Luxembourg,R2000,Betterave sucrière,0.09,7.02,78.0,False,9.36,1271.8,681.6,14.02,473.9,564.0,0.88,1.29,212.1,1.52,40.4,0.718,0.74,1.011,-24.5,-0.289,47.2,0.932
2024,BE34,Luxembourg,R2000,Betterave sucrière,0.08,6.79,84.875,False,9.13,1363.3,597.5,13.39,669.2,478.6,0.65,0.954,303.6,2.175,-43.7,-0.777,0.11,0.15,170.8,2.01,-38.2,-0.753
2000,BE35,Namur,R2000,Betterave sucrière,10.4,715.1,68.76,False,10.82,958.0,652.5,14.91,554.0,497.5,0.12,0.211,121.7,0.964,-61.7,-1.212,-0.38,-0.631,137.2,1.593,-58.6,-1.303
2001,BE35,Namur,R2000,Betterave sucrière,10.7,634.5,59.299,False,10.36,991.4,676.9,14.64,488.3,530.5,-0.34,-0.628,155.1,1.228,-37.3,-0.732,-0.65,-1.086,71.5,0.83,-25.6,-0.569
2002,BE35,Namur,R2000,Betterave sucrière,10.8,726.4,67.259,False,10.97,966.3,674.4,14.94,426.1,509.7,0.27,0.484,130.0,1.029,-39.8,-0.782,-0.35,-0.581,9.3,0.108,-46.4,-1.032
2003,BE35,Namur,R2000,Betterave sucrière,10.2,722.8,70.863,False,10.85,652.7,793.9,16.33,346.6,625.0,0.15,0.265,-183.6,-1.454,79.7,1.567,1.04,1.758,-70.2,-0.815,68.9,1.532
2004,BE35,Namur,R2000,Betterave sucrière,10.0,686.0,68.6,False,10.28,733.5,700.0,14.99,388.5,540.9,-0.42,-0.773,-102.8,-0.815,-14.2,-0.278,-0.3,-0.497,-28.3,-0.329,-15.2,-0.338
2005,BE35,Namur,R2000,Betterave sucrière,9.7,704.1,72.588,False,10.66,672.3,705.8,15.32,381.8,544.4,-0.04,-0.081,-164.0,-1.299,-8.4,-0.164,0.03,0.059,-35.0,-0.406,-11.7,-0.26
2006,BE35,Namur,R2000,Betterave sucrière,9.3,627.7,67.495,False,10.94,785.5,705.9,15.93,423.6,550.0,0.24,0.429,-50.8,-0.403,-8.3,-0.162,0.64,1.085,6.8,0.079,-6.1,-0.136
2007,BE35,Namur,R2000,Betterave sucrière,9.3,668.6,71.892,False,11.02,885.3,682.3,15.4,475.2,528.4,0.32,0.575,49.0,0.388,-31.9,-0.626,0.11,0.193,58.4,0.678,-27.7,-0.616
2008,BE35,Namur,R2000,Betterave sucrière,8.1,596.6,73.654,False,10.37,839.3,670.8,14.77,436.4,517.7,-0.33,-0.609,3.0,0.023,-43.4,-0.852,-0.52,-0.867,19.6,0.227,-38.4,-0.854
2009,BE35,Namur,R2000,Betterave sucrière,7.8,640.5,82.115,False,10.45,804.3,708.1,15.61,375.7,561.5,-0.25,-0.464,-32.0,-0.254,-6.1,-0.119,0.32,0.547,-41.1,-0.477,5.4,0.12
2010,BE35,Namur,R2000,Betterave sucrière,7.3,549.2,75.233,False,9.26,823.9,689.1,14.68,424.8,546.6,-1.44,-2.632,-12.4,-0.099,-25.1,-0.493,-0.61,-1.018,8.0,0.093,-9.5,-0.211
2011,BE35,Namur,R2000,Betterave sucrière,8.0,672.0,84.0,False,11.27,716.5,734.2,15.76,397.1,570.2,0.57,1.031,-119.8,-0.949,20.0,0.394,0.47,0.799,-19.7,-0.229,14.1,0.313
2012,BE35,Namur,R2000,Betterave sucrière,8.0,657.6,82.2,False,10.35,880.7,677.6,14.71,460.9,522.7,-0.35,-0.646,44.4,0.351,-36.6,-0.719,-0.58,-0.968,44.1,0.512,-33.4,-0.743
2013,BE35,Namur,R2000,Betterave sucrière,7.7,579.2,75.221,False,9.83,742.0,669.4,14.79,349.6,524.2,-0.87,-1.594,-94.3,-0.747,-44.8,-0.88,-0.5,-0.833,-67.2,-0.78,-31.9,-0.71
2014,BE35,Namur,R2000,Betterave sucrière,7.72,661.75,85.719,False,11.62,826.3,701.9,15.48,441.4,526.6,0.92,1.669,-10.0,-0.08,-12.3,-0.241,0.19,0.328,24.6,0.286,-29.5,-0.656
2015,BE35,Namur,R2000,Betterave sucrière,6.81,574.03,84.292,False,11.0,734.9,724.8,15.12,352.8,570.1,0.3,0.539,-101.4,-0.803,10.6,0.209,-0.17,-0.278,-64.0,-0.743,14.0,0.311
2016,BE35,Namur,R2000,Betterave sucrière,7.22,515.73,71.431,False,10.76,839.1,679.6,15.76,425.7,533.4,0.06,0.101,2.8,0.022,-34.6,-0.679,0.47,0.799,8.9,0.103,-22.7,-0.505
2017,BE35,Namur,R2000,Betterave sucrière,8.14,774.78,95.182,False,10.44,807.0,700.4,14.93,408.0,541.3,-0.26,-0.482,-29.3,-0.232,-13.8,-0.27,-0.36,-0.598,-8.8,-0.102,-14.8,-0.329
2018,BE35,Namur,R2000,Betterave sucrière,8.81,684.96,77.748,False,11.07,686.1,812.1,16.6,264.7,646.6,0.37,0.666,-150.2,-1.19,97.9,1.925,1.31,2.213,-152.1,-1.766,90.5,2.012
2019,BE35,Namur,R2000,Betterave sucrière,8.03,649.8,80.922,False,10.7,841.9,755.5,15.13,331.7,594.0,-0.0,-0.008,5.6,0.044,41.3,0.813,-0.16,-0.261,-85.1,-0.988,37.9,0.842
2020,BE35,Namur,R2000,Betterave sucrière,7.82,606.68,77.581,False,11.38,833.9,811.6,15.96,304.4,650.8,0.68,1.231,-2.4,-0.019,97.4,1.915,0.67,1.136,-112.4,-1.305,94.7,2.105
2021,BE35,Namur,R2000,Betterave sucrière,7.05,545.83,77.423,False,9.73,1038.2,660.6,13.95,592.7,507.5,-0.97,-1.776,201.9,1.599,-53.6,-1.053,-1.34,-2.247,175.9,2.042,-48.6,-1.081
2022,BE35,Namur,R2000,Betterave sucrière,7.08,602.32,85.073,False,11.26,678.1,828.0,15.68,281.4,640.0,0.56,1.013,-158.2,-1.253,113.8,2.238,0.39,0.664,-135.4,-1.572,83.9,1.865
2023,BE35,Namur,R2000,Betterave sucrière,7.41,591.93,79.883,False,11.2,1073.5,758.2,15.56,494.9,597.7,0.5,0.903,237.2,1.878,44.0,0.866,0.27,0.462,78.1,0.907,41.6,0.925
2024,BE35,Namur,R2000,Betterave sucrière,7.8,561.39,71.973,False,11.02,1097.8,680.4,15.18,593.9,525.5,0.32,0.575,261.5,2.071,-33.8,-0.664,-0.11,-0.177,177.1,2.056,-30.6,-0.681
